Time__sec,Weight__g,Flow__mLPmin,FlowsensorError_Air,FlowsensorError_Overflow
0.0,55746.78,-2.25,1,0
0.080266,55737.44,-2.25,1,0
0.178926,55698.61,-2.25,1,0
0.28278,55642.61,-2.25,1,0
0.382044,55622.2,-2.25,1,0
0.486257,55590.05,-2.25,1,0
0.574794,55577.3,-2.25,1,0
0.684594,55637.73,-2.25,1,0
0.79083,55657.65,-2.25,1,0
0.875434,55676.22,-2.25,1,0
0.977411,55633.83,-2.25,1,0
1.079841,55636.61,-2.25,1,0
1.181301,55681.7,-2.25,1,0
1.276853,55591.66,-2.25,1,0
1.376551,55629.14,-2.25,1,0
1.482893,55640.2,-2.25,1,0
1.583256,55572.08,-2.25,1,0
1.674984,55530.14,-2.25,1,0
1.786402,55416.03,-2.25,1,0
1.881397,54744.85,-2.25,1,0
1.97953,54021.27,-2.25,1,0
2.078327,53747.62,-2.25,1,0
2.184712,53774.47,-2.25,1,0
2.284765,53962.98,-2.25,1,0
2.37959,53926.4,-2.25,1,0
2.480403,53495.72,-2.25,1,0
2.576557,53373.8,-2.25,1,0
2.689791,52957.67,-2.25,1,0
2.788754,52652.13,-2.25,1,0
2.881368,52583.18,-2.25,1,0
2.985094,53086.68,-2.25,1,0
3.08363,52155.5,-2.25,1,0
3.19182,51888.22,-2.25,1,0
3.279227,52210.76,-2.3,1,0
3.377743,52153.78,-2.25,1,0
3.474173,51718.67,-2.25,1,0
3.581016,52099.35,-2.25,1,0
3.677436,53904.38,-2.25,1,0
3.776414,54283.45,-2.25,1,0
3.887169,54541.16,-2.25,1,0
3.9814,54926.23,-2.25,1,0
4.077346,55099.35,-2.25,1,0
4.185026,55085.09,-2.25,1,0
4.283738,55053.36,-2.25,1,0
4.389408,55135.25,-2.25,1,0
4.484687,55154.53,-2.25,1,0
4.584119,55324.09,-2.25,1,0
4.680961,55375.74,-2.25,1,0
4.783808,55424.39,-2.25,1,0
4.875315,55432.5,-2.25,1,0
4.978277,55182.48,-2.25,1,0
5.077683,55421.21,-2.25,1,0
5.186673,55461.53,-2.25,1,0
5.278667,55487.41,-2.25,1,0
5.37526,55465.62,-2.25,1,0
5.486082,55517.61,-2.25,1,0
5.585168,55512.47,-2.25,1,0
5.68417,55492.48,-2.25,1,0
5.775526,55474.47,-2.25,1,0
5.875288,55350.31,-2.25,1,0
5.981752,55372.52,-2.25,1,0
6.085205,55475.82,-2.25,1,0
6.182785,55702.14,-2.25,1,0
6.279942,56068.15,-2.25,1,0
6.379489,55784.52,-2.25,1,0
6.488051,55998.0,-2.25,1,0
6.580274,56361.46,-2.25,1,0
6.691317,56300.13,-2.25,1,0
6.774198,56334.75,-2.25,1,0
6.880808,56313.07,-2.25,1,0
6.977646,56254.14,-2.3,1,0
7.079284,56238.31,-3.6,1,0
7.176312,56300.84,-5.2,1,0
7.274848,56294.2,-697.25,1,1
7.38637,56299.11,-1082.2,0,1
7.480374,56314.98,-1002.55,0,1
7.578029,56287.75,-799.9,0,1
7.674726,56275.33,-667.45,0,1
7.783431,56271.69,-589.65,0,1
7.875102,56239.92,-619.2,0,1
7.974921,56309.92,-739.25,0,1
8.083769,56337.9,-861.05,0,1
8.184796,56329.05,-723.75,0,1
8.281647,56312.17,-719.9,0,1
8.380163,56398.71,-702.4,0,1
8.48269,56473.25,-563.25,0,1
8.578663,56542.27,-509.95,0,1
8.677996,56521.11,-721.8,0,1
8.774593,56529.63,-599.1,0,1
8.882928,56427.37,-593.75,0,1
8.976643,56402.46,-335.0,0,1
9.074994,56413.94,-288.45,0,1
9.181701,56376.46,-339.15,0,1
9.281126,56357.56,-308.95,0,1
9.380063,56226.04,-508.0,0,1
9.47493,56273.79,-594.65,0,1
9.585201,56006.82,-504.1,0,1
9.685168,55671.83,-443.05,0,1
9.782829,55697.22,-361.5,0,1
9.889425,55679.86,-518.15,0,1
9.982058,55839.62,-537.5,0,1
10.081298,55969.23,-440.15,0,1
10.174216,55946.72,-431.5,0,1
10.281384,55954.22,-626.0,0,1
10.384454,55985.96,-559.3,0,1
10.481282,56010.38,-526.35,0,1
10.58111,55994.18,-516.7,0,1
10.680571,56012.67,-512.95,0,1
10.780825,56118.68,-385.15,0,1
10.876482,56109.75,-575.0,0,1
10.983499,56173.04,-643.0,0,1
11.079786,56231.55,-601.65,0,1
11.175983,56238.38,-718.35,0,1
11.287155,56070.51,-512.55,0,1
11.381084,56030.07,-619.1,0,1
11.476771,56088.52,-603.8,0,1
11.578338,56146.03,-519.2,0,1
11.673968,56185.0,-448.5,0,1
11.784464,56223.04,-514.0,0,1
11.882368,56183.01,-400.75,0,1
11.983036,56131.21,-511.55,0,1
12.081382,56114.44,-560.1,0,1
12.175945,56117.18,-395.25,0,1
12.275459,56049.28,-476.1,0,1
12.385315,56071.19,-723.45,0,1
12.47851,56150.23,-622.85,0,1
12.575605,56150.71,-551.9,0,1
12.682961,56106.68,-559.1,0,1
12.777992,56141.41,-360.45,0,1
12.880533,55973.5,-452.15,0,1
12.975149,56022.57,-498.5,0,1
13.07702,55987.8,-355.1,0,1
13.175813,56081.69,-377.4,0,1
13.281119,56140.21,-387.0,0,1
13.37834,56102.17,-395.7,0,1
13.477327,56106.9,-333.95,0,1
13.585192,56163.81,-506.3,0,1
13.679286,56130.64,-538.7,0,1
13.775759,56107.73,-573.95,0,1
13.874685,56221.01,-679.6,0,1
13.974672,56287.9,-631.75,0,1
14.084161,56305.57,-763.75,0,1
14.181831,56336.33,-647.45,0,1
14.280776,56229.3,-680.45,0,1
14.377581,56134.02,-730.95,0,1
14.487309,55948.86,-549.2,0,1
14.581601,55705.44,-606.0,0,1
14.678924,55629.74,-303.9,0,1
14.774031,55561.8,-460.4,0,1
14.882906,55542.37,-479.9,0,1
14.978415,55375.1,-456.7,0,1
15.075925,55547.7,-415.25,0,1
15.176726,55615.75,-473.65,0,1
15.27422,55543.35,-401.95,0,1
15.388076,55687.88,-413.55,0,1
15.482929,55736.39,-430.65,0,1
15.583217,55827.17,-543.25,0,1
15.674875,55817.38,-715.4,0,1
15.782401,56039.79,-516.2,0,1
15.879627,56160.99,-464.7,0,1
15.988007,56250.69,-461.7,0,1
16.081788,56222.03,-409.85,0,1
16.183403,56281.82,-350.9,0,1
16.283117,56237.48,-366.95,0,1
16.377335,56178.4,-385.3,0,1
16.474555,56047.18,-387.25,0,1
16.575275,56016.72,-389.45,0,1
16.688004,56077.68,-617.95,0,1
16.784833,56116.35,-719.45,0,1
16.874407,56090.7,-621.15,0,1
16.98687,56061.51,-670.75,0,1
17.081806,56070.66,-591.9,0,1
17.175392,56082.52,-385.1,0,1
17.274183,56067.66,-409.35,0,1
17.383182,56026.17,-403.75,0,1
17.481679,56045.71,-382.7,0,1
17.578778,56090.51,-393.5,0,1
17.675641,56041.25,-520.1,0,1
17.776718,56001.37,-552.8,0,1
17.886708,56066.91,-543.7,0,1
17.982426,56118.0,-558.5,0,1
18.077912,56088.45,-406.75,0,1
18.184735,56058.1,-388.8,0,1
18.283849,55991.06,-422.95,0,1
18.377081,55972.38,-472.15,0,1
18.476635,55932.05,-450.3,0,1
18.581779,55933.63,-399.0,0,1
18.680499,55914.61,-562.85,0,1
18.774202,55791.46,-536.25,0,1
18.877167,55827.92,-502.85,0,1
18.9821,55920.87,-541.05,0,1
19.076899,55953.25,-534.25,0,1
19.187277,55975.08,-336.25,0,1
19.281324,55977.59,-426.4,0,1
19.376614,55957.45,-420.05,0,1
19.485058,55948.26,-400.4,0,1
19.578602,56007.0,-389.55,0,1
19.681494,55920.72,-373.3,0,1
19.781956,55890.27,-109.65,0,1
19.875455,55914.54,16.15,1,0
19.977198,55817.0,10.35,1,0
20.083421,55425.97,-6.65,1,0
20.181629,53872.2,-33.2,1,0
20.279522,52703.41,-40.2,1,0
20.387419,51444.86,-41.95,0,0
20.481895,50605.78,-44.9,0,0
20.580897,50134.92,-36.1,1,0
20.677002,49742.8,-849.5,1,1
20.776559,49499.19,-923.5,0,1
20.885268,48330.52,-746.85,0,1
20.980415,47802.34,-717.25,0,1
21.077393,47755.23,-629.85,0,1
21.174104,48287.53,-468.8,0,1
21.282542,48641.77,-366.65,0,1
21.380239,48670.65,-520.85,0,1
21.480085,48530.84,-433.9,0,1
21.578441,48571.95,-110.85,0,1
21.682156,48690.53,-260.55,0,1
21.779784,48683.33,-271.05,0,1
21.875664,48687.19,-258.25,0,1
21.981222,48657.52,-432.2,0,1
22.077413,48771.07,-398.0,0,1
22.176841,48798.57,-360.8,0,1
22.278337,48809.0,-35.8,0,0
22.37616,48910.17,-495.05,0,1
22.475493,48979.64,-579.45,0,1
22.585458,49014.23,-488.8,0,1
22.681318,49132.73,-349.4,0,1
22.775626,49180.34,-543.3,0,1
22.8891,49090.79,-323.8,0,1
22.97929,49053.36,-390.95,0,1
23.073894,49129.88,-668.15,0,1
23.181514,49195.6,-102.3,0,1
23.284423,49302.55,-6.1,0,0
23.378836,49406.61,-5.2,0,0
23.479818,49324.8,-346.0,0,1
23.577435,49276.55,-734.75,0,1
23.675392,49331.89,-666.9,0,1
23.7777,49339.16,-446.9,0,1
23.88716,49336.57,-565.65,0,1
23.983584,49296.93,-338.7,0,1
24.081227,49340.89,-392.0,0,1
24.174537,49351.66,-396.0,0,1
24.280396,49338.19,-394.75,0,1
24.381659,49335.64,-624.0,0,1
24.478252,49309.38,-406.75,0,1
24.575325,49303.23,-578.0,0,1
24.683599,49374.35,-5.0,1,1
24.779382,49343.07,6.4,1,0
24.880261,49357.02,5.1,1,0
24.977118,49408.34,-9.0,1,0
25.088243,49398.77,-16.7,0,0
25.182352,49368.46,-9.65,0,0
25.27706,49368.46,-1.3,0,0
25.384934,49244.41,1.15,0,0
25.478921,48868.91,1.95,0,0
25.576176,47988.29,-508.0,0,1
25.676159,47538.78,-614.1,0,1
25.774939,48450.94,-753.3,0,1
25.885644,52210.83,-397.6,0,1
25.983551,53578.7,-92.6,0,1
26.074195,54285.4,-67.15,1,1
26.186613,55203.03,4.65,1,0
26.282574,55881.97,3.85,1,0
26.378783,56436.04,2.35,0,0
26.473656,56906.52,-5.15,0,0
26.574401,57640.34,-397.45,0,1
26.680234,57802.47,-264.9,0,1
26.775435,57599.23,-389.95,0,1
26.875164,57267.02,-613.5,0,1
26.976325,57239.67,-435.25,0,1
27.076317,57859.19,-549.8,0,1
27.176515,58065.51,-523.6,0,1
27.282131,57835.33,-265.65,0,1
27.37846,57795.76,-212.7,0,1
27.473848,57783.75,-7.05,0,1
27.585647,57905.0,-8.85,0,0
27.67933,58011.23,-30.05,0,0
27.775413,58054.07,-33.85,0,0
27.874506,58198.76,-290.45,0,1
27.983396,58351.25,-804.95,0,1
28.084049,58316.66,-698.55,0,1
28.180697,58254.69,-659.2,0,1
28.279623,58174.75,-565.25,0,1
28.377132,58138.62,-414.55,0,1
28.487814,57723.06,-412.75,0,1
28.58104,57714.24,-425.95,0,1
28.690368,57548.7,-466.6,0,1
28.787175,57308.96,-403.25,0,1
28.880629,57154.93,-392.25,0,1
28.979168,57049.52,-354.9,0,1
29.076812,57342.98,-378.0,0,1
29.175514,57464.97,-424.75,0,1
29.274811,57506.87,-426.5,0,1
29.379865,57824.64,-419.35,0,1
29.477878,58097.25,-420.2,0,1
29.576378,58055.27,-642.8,0,1
29.683771,57900.49,-645.7,0,1
29.779315,58101.6,-699.25,0,1
29.875656,57878.21,-540.05,0,1
29.988621,57586.62,-438.45,0,1
30.083825,57623.54,-434.5,0,1
30.179278,57546.97,-296.4,0,1
30.281398,57707.98,-322.6,0,1
30.380385,58285.6,-195.6,0,1
30.476275,58628.28,-314.8,0,1
30.57491,58258.25,-336.8,0,1
30.685966,58006.46,-536.25,0,1
30.781015,58043.38,-430.1,0,1
30.879628,58500.88,-120.2,0,1
30.975199,58653.0,-506.1,0,1
31.084875,57842.84,-643.3,0,1
31.180144,57375.58,-433.8,0,1
31.27712,57025.7,-172.0,1,1
31.374169,56937.39,-24.95,1,0
31.474611,57270.21,0.1,1,0
31.575105,57163.75,-0.25,0,0
31.674391,56760.48,0.65,0,0
31.783353,57043.14,-159.8,1,1
31.879538,57615.4,-395.5,0,1
31.975679,58186.38,-206.7,0,1
32.082074,58240.39,-669.05,0,1
32.182128,58263.62,-684.55,0,1
32.275302,58170.32,-545.6,0,1
32.373775,58150.37,-377.2,0,1
32.478614,58085.32,-239.3,0,1
32.582583,58062.62,-0.95,1,0
32.678782,58096.23,8.75,1,0
32.784301,58145.71,6.45,1,0
32.883392,58092.14,-0.75,1,0
32.983724,58023.12,-584.85,1,1
33.082423,58030.96,-444.3,0,1
33.179247,58045.97,-689.0,0,1
33.276938,57998.85,-559.4,0,1
33.390867,58045.55,-486.15,0,1
33.472973,58060.34,-501.7,0,1
33.577917,57989.29,-320.35,0,1
33.675788,58021.17,-94.05,0,1
33.781182,58025.82,-132.0,0,1
33.873247,58025.79,-222.25,0,1
33.985072,57996.49,-126.05,0,1
34.075296,57978.78,-193.15,0,1
34.180273,57980.02,6.6,1,0
34.275569,58024.81,-359.55,0,1
34.374901,58066.45,-682.2,0,1
34.484604,58021.47,-385.75,0,1
34.578464,58001.66,-363.85,0,1
34.674768,57991.05,-768.6,0,1
34.780277,57994.39,-466.35,0,1
34.879369,58030.96,-454.05,0,1
34.983577,58020.8,-425.4,0,1
35.079343,58020.46,-403.05,0,1
35.179746,57997.01,-426.85,0,1
35.278098,58036.66,-779.5,0,1
35.384636,58004.37,-742.2,0,1
35.478787,57958.82,-603.85,0,1
35.574841,57992.77,-672.15,0,1
35.684065,57981.14,-340.85,0,1
35.776961,58013.67,-328.15,0,1
35.881014,57980.25,-356.3,0,1
35.978734,57955.0,-361.5,0,1
36.083918,57945.92,-395.85,0,1
36.180442,58029.31,-488.2,0,1
36.27826,57933.47,-463.05,0,1
36.377925,57890.25,-309.3,0,1
36.473583,57900.57,-534.3,0,1
36.584035,57987.37,-596.3,0,1
36.680367,58000.13,-382.3,0,1
36.775773,57945.13,-336.4,0,1
36.878354,57950.09,-337.95,0,1
36.991239,57950.57,-251.45,0,1
37.075092,57960.44,-397.8,0,1
37.174166,57976.91,-503.15,0,1
37.284688,57943.59,-463.6,0,1
37.383516,57901.58,-86.45,1,1
37.479569,57981.18,-672.3,0,1
37.580073,57991.43,-391.15,0,1
37.675451,57975.33,-343.9,0,1
37.78906,57965.46,-778.25,0,1
37.880651,57933.47,-611.75,0,1
37.980653,57963.36,-408.5,0,1
38.074098,58016.37,-413.85,0,1
38.181151,58016.0,-269.05,0,1
38.279396,57972.63,-233.55,0,1
38.378802,57986.55,-475.3,0,1
38.47908,57980.73,-507.95,0,1
38.583709,57958.45,-505.1,0,1
38.683097,57919.59,-418.7,0,1
38.781518,57909.08,-251.15,0,1
38.877851,57895.77,-195.5,0,1
38.985997,57951.02,-876.65,0,1
39.081956,57938.79,-389.8,0,1
39.178239,57937.33,-561.1,0,1
39.285657,57876.11,-442.1,0,1
39.380661,57832.48,-394.05,0,1
39.478749,57907.06,-468.45,0,1
39.577363,57924.31,-79.6,0,1
39.676567,57928.18,0.35,1,0
39.784773,57908.18,-26.6,0,0
39.882469,57924.09,-34.55,0,0
39.981761,57911.15,-227.2,0,1
40.075999,57913.77,-155.2,0,1
40.189096,57934.67,-16.85,0,1
40.285285,57908.67,-571.45,0,1
40.380149,57886.28,-175.15,0,1
40.474661,57875.81,-228.65,0,1
40.5844,57891.34,-659.25,0,1
40.68103,57880.95,-721.05,0,1
40.778461,57861.67,-650.85,0,1
40.876321,57845.73,-602.8,0,1
40.973938,57893.37,-421.6,0,1
41.083649,57912.54,-426.55,0,1
41.183047,57900.08,-440.9,0,1
41.280947,57876.11,-455.8,0,1
41.376598,57856.49,-100.25,1,1
41.484467,57938.83,-690.0,1,1
41.581681,57932.98,-511.9,0,1
41.67647,57883.95,-459.4,0,1
41.773472,57917.56,-366.35,0,1
41.873344,57888.6,-498.4,0,1
41.977903,57912.16,-547.95,0,1
42.07429,57929.9,-372.35,0,1
42.183497,57908.89,-445.75,0,1
42.279536,57945.29,-353.5,0,1
42.376797,57904.09,-427.65,0,1
42.486423,57832.41,-462.25,0,1
42.581445,57702.84,-478.45,0,1
42.688203,57648.33,-437.0,0,1
42.786332,57705.5,-522.65,0,1
42.882875,57804.69,-404.7,0,1
42.982362,57831.7,-377.1,0,1
43.076953,57823.18,-375.95,0,1
43.180056,57748.19,-420.95,0,1
43.274426,57696.35,-450.85,0,1
43.381049,57741.66,-438.55,0,1
43.48137,57734.54,-345.95,0,1
43.576272,57740.58,-363.15,0,1
43.68802,57749.09,-470.05,0,1
43.779568,57741.48,-445.35,0,1
43.878011,57693.76,-159.85,0,1
43.98648,57637.94,-451.4,0,1
44.079918,57642.14,-410.9,0,1
44.175848,57684.16,-412.0,0,1
44.27434,57755.62,-387.05,0,1
44.383691,57742.27,-378.15,0,1
44.483832,57611.57,-403.25,0,1
44.580844,57468.57,-502.75,0,1
44.678894,57625.86,-295.45,0,1
44.776378,57655.05,90.4,0,1
44.881361,57675.72,-135.4,0,1
44.978436,57675.53,-327.75,0,1
45.076349,57704.57,-360.5,0,1
45.185342,57778.32,-308.55,0,1
45.278082,57789.79,-221.95,0,1
45.376363,57815.98,-485.2,0,1
45.475764,57777.27,-409.7,0,1
45.57598,57780.79,-524.15,0,1
45.683429,57772.16,-602.05,0,1
45.785039,57768.22,-439.45,0,1
45.88167,57836.01,-505.5,0,1
45.979728,57796.85,-481.65,0,1
46.090725,57825.13,-291.9,0,1
46.183193,57903.01,-672.65,0,1
46.279754,57894.9,-557.45,0,1
46.373643,57898.21,-514.9,0,1
46.48325,57869.39,-553.95,0,1
46.580154,57811.14,-236.25,0,1
46.679683,57835.11,-479.9,0,1
46.7775,57868.64,-591.15,0,1
46.875529,57746.17,-432.7,0,1
46.97464,57593.38,-492.2,0,1
47.08663,57688.85,-296.75,0,1
47.181555,57780.53,-481.7,0,1
47.275997,57856.98,-568.6,0,1
47.385344,57922.51,-515.1,0,1
47.480758,57859.72,-455.75,0,1
47.57461,57816.05,-144.7,0,1
47.682687,57742.04,-308.9,0,1
47.782429,57818.45,-215.3,0,1
47.876813,57796.66,-199.85,0,1
47.977126,57789.79,-365.3,0,1
48.075351,57679.62,-176.05,0,1
48.175171,57638.05,-94.6,0,1
48.284691,57596.08,-494.05,0,1
48.380765,57543.22,-456.35,0,1
48.474873,57552.49,-655.6,0,1
48.582556,57568.24,-60.35,0,1
48.679134,57647.73,-359.05,0,1
48.788765,57602.04,-345.15,0,1
48.872933,57531.67,-383.55,0,1
48.980455,57409.15,-385.15,0,1
49.080205,57199.64,-540.3,0,1
49.178261,57439.35,-748.65,0,1
49.276623,57599.87,-554.5,0,1
49.37439,57507.92,-293.8,0,1
49.485973,57529.34,-594.3,0,1
49.58229,57631.57,-386.8,0,1
49.677558,57612.81,-199.3,0,1
49.774716,57595.14,-267.55,0,1
49.883831,57570.46,-758.0,0,1
49.979372,57559.95,-594.1,0,1
50.07564,57523.15,-345.15,1,1
50.17591,57584.11,-189.95,1,1
50.274837,57590.71,-407.5,0,1
50.374161,57567.49,-470.6,0,1
50.47392,57575.89,-436.55,0,1
50.585413,57662.48,-423.55,0,1
50.677887,57651.0,-441.0,0,1
50.784978,57616.15,-428.65,0,1
50.880075,57648.14,-404.7,0,1
50.977156,57637.45,-364.25,0,1
51.088128,57646.98,-423.75,0,1
51.184077,57634.49,-408.2,0,1
51.280079,57639.29,-467.95,0,1
51.379887,57643.91,-380.8,0,1
51.476862,57527.58,-330.6,0,1
51.575759,57434.32,-528.25,0,1
51.676018,57541.65,-549.65,0,1
51.786952,57614.84,-566.95,0,1
51.882488,57706.52,-682.4,0,1
51.977217,57674.78,-493.95,0,1
52.075989,57613.26,-168.9,0,1
52.184199,57595.63,-424.7,0,1
52.280678,57490.18,-511.9,0,1
52.378931,57514.82,-366.25,0,1
52.472999,57503.84,-288.55,0,1
52.583582,57515.12,-230.85,0,1
52.682559,57510.7,-373.2,0,1
52.7795,57506.57,-490.45,0,1
52.877506,57474.01,-423.6,0,1
52.973973,57394.56,-321.6,0,1
53.084066,57376.82,-346.35,0,1
53.17781,57348.01,-519.8,0,1
53.275302,57341.78,-518.1,0,1
53.382699,57382.55,-687.25,0,1
53.478046,57349.96,-354.7,0,1
53.576658,57323.59,-390.2,0,1
53.674621,57399.1,-306.35,0,1
53.773834,57518.39,-223.8,0,1
53.883086,57502.37,-350.65,0,1
53.984765,57536.43,-294.6,0,1
54.081329,57525.7,-440.1,0,1
54.179121,57435.79,-344.85,0,1
54.275748,57403.64,-253.4,0,1
54.38544,57420.22,-616.6,0,1
54.481412,57458.41,-611.55,0,1
54.575498,57488.08,-622.0,0,1
54.684275,57484.25,-568.55,0,1
54.779598,57505.45,-559.65,0,1
54.878627,57487.82,-434.9,0,1
54.975018,57511.64,-446.5,0,1
55.074255,57487.86,-352.15,0,1
55.184512,57435.79,-208.0,0,1
55.283854,57392.01,-400.35,0,1
55.380614,57372.43,-331.65,0,1
55.475419,57442.99,-103.2,0,1
55.584667,57466.77,-536.0,0,1
55.682101,57499.22,-617.45,0,1
55.775843,57522.33,-849.1,0,1
55.875669,57466.13,-547.1,0,1
55.973007,57426.52,-634.85,0,1
56.083335,57352.32,-364.1,0,1
56.182348,57381.28,-359.7,0,1
56.279632,57364.06,-385.15,0,1
56.381808,57323.7,-329.1,0,1
56.474349,57410.24,-361.45,0,1
56.584032,57440.36,-460.45,0,1
56.676501,57445.95,-693.1,0,1
56.773975,57408.33,-628.0,0,1
56.883541,57430.54,-351.2,0,1
56.976916,57289.6,-527.9,0,1
57.076044,57291.93,-560.4,0,1
57.173322,57318.37,-587.8,0,1
57.284622,57286.22,-544.45,0,1
57.38314,57273.51,-493.25,0,1
57.479668,57290.09,-746.15,0,1
57.579346,57288.74,-679.45,0,1
57.675604,57243.95,-163.5,0,1
57.785026,57251.68,-419.3,0,1
57.878737,57278.35,-479.0,0,1
57.978781,57275.76,-151.55,1,1
58.095508,57165.25,-62.6,1,1
58.17843,57151.93,-541.65,0,1
58.277808,57285.21,-681.75,0,1
58.375896,57319.61,-520.15,0,1
58.474068,57331.12,-436.5,0,1
58.584842,57261.88,-263.95,0,1
58.680332,57284.91,-358.25,0,1
58.78196,57319.68,-455.75,0,1
58.87899,57315.93,-405.05,0,1
58.98844,57337.5,-453.6,0,1
59.080379,57364.74,-582.85,0,1
59.177584,57352.66,-254.85,0,1
59.286663,57338.59,-546.15,0,1
59.383032,57383.61,-619.85,0,1
59.477784,57417.33,-624.85,0,1
59.574187,57419.62,-516.95,0,1
59.673974,57401.87,-463.5,0,1
59.773553,57384.66,-465.15,0,1
59.882886,57403.86,-372.25,0,1
59.980729,57409.15,-777.85,0,1
60.080332,57410.62,-345.1,0,1
60.175041,57428.1,-285.25,0,1
60.288352,57406.68,-443.9,0,1
60.381043,57366.61,-387.75,0,1
60.47616,57220.05,-514.1,0,1
60.584648,57164.23,-259.4,0,1
60.683813,57342.91,-158.4,1,1
60.783185,57445.28,-27.0,1,0
60.875642,57447.23,-750.75,0,1
60.976171,57472.55,-562.6,0,1
61.07526,57396.77,-549.7,0,1
61.180015,57268.93,-363.05,0,1
61.281242,57185.69,-533.45,0,1
61.374199,57241.55,-405.05,0,1
61.482266,57275.64,-340.65,0,1
61.580426,57261.2,-366.6,0,1
61.673596,57264.36,-321.75,0,1
61.782631,57275.01,-665.85,0,1
61.883144,57232.21,-611.8,0,1
61.97575,57182.87,-420.8,0,1
62.086696,57153.28,-173.1,0,1
62.176034,57084.63,-253.5,0,1
62.283953,57099.34,-328.0,0,1
62.381354,57114.27,-411.4,0,1
62.475869,57093.89,-287.1,0,1
62.587535,57079.98,-91.35,0,1
62.680334,57190.04,-358.05,0,1
62.778068,57199.98,-28.4,0,1
62.873765,57276.28,-304.9,0,1
62.982723,57340.24,-672.7,0,1
63.082809,57331.91,-820.65,0,1
63.181954,57354.95,-643.4,0,1
63.278801,57301.61,-663.15,0,1
63.379863,57200.81,-446.65,0,1
63.476034,57238.84,-404.55,0,1
63.575024,57263.12,-365.3,0,1
63.683803,57292.94,-102.8,0,1
63.77655,57284.61,-196.1,0,1
63.886324,57306.89,-56.65,1,1
63.9838,57389.05,-378.35,1,1
64.079078,57403.86,-717.7,0,1
64.17299,57397.52,-691.25,0,1
64.277158,57383.04,-196.65,0,1
64.374063,57273.39,126.55,0,1
64.475417,57230.22,-85.25,0,1
64.573598,57389.27,-343.0,0,1
64.679582,57447.19,-362.6,0,1
64.775905,57447.49,-343.15,0,1
64.884033,57442.91,-453.8,0,1
64.976477,57357.5,-390.15,0,1
65.088842,57290.95,-466.0,0,1
65.180798,57344.78,-561.5,0,1
65.279803,57431.62,-403.65,0,1
65.375821,57356.18,-421.45,0,1
65.473523,57394.9,-527.2,0,1
65.583249,57348.34,-470.0,0,1
65.682885,57416.05,-474.25,0,1
65.780957,57373.85,-310.6,0,1
65.877694,57343.96,-408.2,0,1
65.975105,57369.2,-635.6,0,1
66.084816,57370.7,-914.6,0,1
66.176886,57350.71,-648.2,0,1
66.276366,57341.93,-131.35,0,1
66.383067,57260.71,-648.2,0,1
66.480104,57228.19,-603.9,0,1
66.580116,57326.81,-552.45,0,1
66.680025,57297.78,-343.3,0,1
66.778126,57255.05,-56.05,1,0
66.874643,57189.78,-211.55,0,1
66.9862,57151.14,-114.55,0,1
67.079945,57173.31,1.35,1,0
67.175791,57267.39,-3.1,1,0
67.283848,57308.99,-4.55,0,0
67.378157,57223.61,-580.1,0,1
67.475224,57251.0,-829.25,0,1
67.583875,57273.02,-573.6,0,1
67.679786,57397.04,-224.5,0,1
67.77945,57418.79,-361.1,0,1
67.879304,57396.29,-56.75,1,1
67.97519,57386.27,6.35,1,0
68.073337,57385.67,-9.0,1,0
68.176651,57405.62,-550.95,0,1
68.280749,57437.62,-405.45,0,1
68.377522,57495.88,-415.3,0,1
68.487696,57415.16,-517.95,0,1
68.579267,57429.97,-498.3,0,1
68.676961,57476.3,-496.5,0,1
68.77235,57509.87,-326.05,0,1
68.873641,57533.47,-391.65,0,1
68.978379,57528.11,-460.1,0,1
69.079816,57506.98,-501.05,0,1
69.17513,57494.16,-408.4,0,1
69.274422,57476.45,-455.8,0,1
69.374582,57488.49,-391.15,0,1
69.481566,57579.42,-344.8,0,1
69.579501,57479.3,-307.1,0,1
69.688323,57394.56,-450.7,0,1
69.780426,57376.55,-656.1,0,1
69.877782,57423.29,-580.8,0,1
69.972699,57463.92,-461.75,0,1
70.073609,57505.07,-107.0,0,1
70.171842,57542.73,-5.05,1,0
70.282164,57546.11,-24.85,0,0
70.38002,57558.08,-10.2,0,0
70.477897,57518.31,-43.45,0,0
70.57464,57434.81,-321.15,0,1
70.679764,57412.45,-606.75,0,1
70.778371,57449.52,-563.9,0,1
70.87307,57471.27,-674.8,0,1
70.980514,57453.91,-458.3,0,1
71.079316,57441.41,-425.75,0,1
71.182962,57424.87,-543.65,0,1
71.272753,57391.07,-99.4,1,1
71.382428,57379.67,-268.05,1,1
71.483062,57350.56,-545.3,0,1
71.576699,57429.52,-759.15,0,1
71.673421,57371.3,-807.9,0,1
71.773276,57371.79,-366.35,0,1
71.88072,57236.71,-359.9,0,1
71.979146,57227.74,-560.1,0,1
72.074449,57438.79,-89.15,1,1
72.17229,57687.61,-52.0,1,0
72.28094,57467.0,-123.65,0,1
72.37886,57961.49,-36.8,0,0
72.476938,58025.79,0.8,1,0
72.575669,58141.29,0.9,1,0
72.674752,58164.51,-544.55,0,1
72.781651,58356.39,-202.55,0,1
72.880126,58114.24,-380.5,0,1
72.978364,57936.17,-661.0,0,1
73.075805,58161.24,-728.0,0,1
73.18785,58507.11,-571.25,0,1
73.281349,58301.54,-542.7,0,1
73.380762,58335.71,-235.85,0,1
73.47603,58410.37,-52.3,0,0
73.576459,58355.04,-600.35,0,1
73.674735,58415.88,-626.6,0,1
73.773044,58448.29,-561.15,0,1
73.883888,58318.87,-461.3,0,1
73.97928,58464.35,-452.05,0,1
74.078088,58527.03,-426.85,0,1
74.175044,58148.08,-426.6,0,1
74.284663,58024.21,-525.25,0,1
74.380253,57967.3,-338.3,0,1
74.475497,57917.45,-385.1,0,1
74.584825,57810.09,-353.7,0,1
74.681908,57711.02,-504.55,0,1
74.779601,58118.82,-650.4,0,1
74.874538,57963.29,-246.9,0,1
74.97941,57929.57,-308.9,0,1
75.077653,58058.72,-642.45,0,1
75.178318,58188.52,-460.6,0,1
75.277761,58318.87,-319.5,0,1
75.388779,58329.41,-324.1,0,1
75.492338,58234.58,-520.3,0,1
75.577866,58039.25,-372.05,0,1
75.68393,57869.73,-421.75,0,1
75.784072,58027.29,-450.75,0,1
75.882337,57774.9,-346.05,0,1
75.981858,57571.51,-460.75,0,1
76.078026,57585.31,-476.65,0,1
76.17714,57501.51,-487.35,0,1
76.27282,57173.61,-426.3,0,1
76.382716,57985.72,-412.0,0,1
76.480102,58178.16,-538.85,0,1
76.573354,58087.53,-471.6,0,1
76.689362,57808.96,-568.3,0,1
76.777529,57906.05,-548.3,0,1
76.888158,57992.55,-652.65,0,1
76.975744,57917.6,-526.0,0,1
77.082261,57974.77,-403.1,0,1
77.172319,57773.21,-556.9,0,1
77.278104,57640.98,-586.8,0,1
77.376636,57823.7,-446.3,0,1
77.478318,57678.3,-559.55,0,1
77.574755,57599.49,-539.1,0,1
77.6749,57194.73,-506.2,0,1
77.784691,57518.88,-662.6,0,1
77.881474,57645.97,-894.25,0,1
77.975257,57201.93,-154.0,0,1
78.085572,57342.64,-19.4,0,1
78.18326,57231.3,-458.75,0,1
78.280563,57308.24,-386.2,0,1
78.375222,58190.73,-446.3,0,1
78.475159,58060.9,-385.7,0,1
78.574876,58712.79,-483.5,0,1
78.672627,58719.09,-362.3,0,1
78.784495,58593.09,-387.0,0,1
78.880121,58473.2,-408.55,0,1
78.979144,58449.68,-415.6,0,1
79.086983,58180.86,-387.55,0,1
79.181534,57961.75,-382.5,0,1
79.276936,57925.18,-427.0,0,1
79.373902,58206.79,-486.95,0,1
79.472852,58046.64,-616.25,0,1
79.573359,57526.38,-273.2,0,1
79.673024,57683.52,-72.75,0,1
79.779392,57660.0,-354.35,0,1
79.876573,57821.72,-481.3,0,1
79.974508,57921.43,-528.55,0,1
80.0834,58056.29,-495.7,0,1
80.179229,57906.23,-489.6,0,1
80.273757,57754.91,-409.9,0,1
80.386482,57944.31,-593.95,0,1
80.489626,57651.6,-537.2,0,1
80.587294,57603.73,-524.55,0,1
80.673706,57758.28,-562.4,0,1
80.782779,58206.26,-508.4,0,1
80.883784,58317.48,-492.75,0,1
80.977994,58457.26,-513.65,0,1
81.078031,58443.57,-428.35,0,1
81.173644,58521.55,-540.25,0,1
81.281059,58406.77,-377.05,0,1
81.379409,58246.06,-546.95,0,1
81.489084,58234.96,-473.7,0,1
81.584431,57989.73,-465.4,0,1
81.678942,57904.06,-474.65,0,1
81.787716,57630.03,-373.35,0,1
81.874473,57742.98,-327.95,0,1
81.973497,57837.96,-362.15,0,1
82.073808,57060.02,-346.35,0,1
82.178995,57796.36,-390.5,0,1
82.276557,58631.54,-485.8,0,1
82.385322,58396.0,-477.05,0,1
82.48526,58350.68,-448.85,0,1
82.58183,58090.01,-480.75,0,1
82.673257,58316.29,-514.85,0,1
82.785552,58146.73,-682.6,0,1
82.880956,58208.1,-903.3,0,1
82.986256,58011.0,-420.85,0,1
83.074383,57837.4,-381.4,0,1
83.17227,57817.29,-534.95,0,1
83.283445,57985.12,-627.55,0,1
83.378851,58048.41,-356.8,0,1
83.48194,57958.11,-148.25,0,1
83.576923,57917.26,-357.9,0,1
83.687091,58034.19,-491.35,0,1
83.78109,58068.1,-593.8,0,1
83.87493,58227.45,-486.8,0,1
83.972932,58323.07,-437.5,0,1
84.084215,58228.8,-454.1,0,1
84.17273,58208.32,-372.75,0,1
84.277728,58322.73,-513.05,0,1
84.375968,58236.16,-549.95,0,1
84.479294,58306.27,-558.25,0,1
84.575388,58089.41,-481.1,0,1
84.684499,58192.94,-392.15,0,1
84.780318,58188.78,-330.3,0,1
84.875866,58242.95,-416.2,0,1
84.987077,58182.89,-382.25,0,1
85.079828,58454.25,-681.55,0,1
85.178647,58236.34,-660.55,0,1
85.274857,58236.5,-894.65,0,1
85.378878,58116.94,-520.95,0,1
85.472934,58146.16,-221.15,0,1
85.572453,57877.76,-403.1,0,1
85.682655,57907.88,-390.05,0,1
85.78001,57901.88,-421.9,0,1
85.876527,57974.05,-455.0,0,1
85.974929,57979.87,-441.75,0,1
86.084582,58005.08,-403.85,0,1
86.178191,58005.15,-417.15,0,1
86.277532,57967.9,-394.65,0,1
86.38676,57965.84,-392.8,0,1
86.472442,58008.3,-408.3,0,1
86.573546,57994.27,-436.05,0,1
86.682953,57924.69,-454.45,0,1
86.782621,57960.7,-438.0,0,1
86.880544,58049.91,-431.35,0,1
86.978026,58004.14,-415.5,0,1
87.076482,58021.32,-399.2,0,1
87.187403,57982.16,-409.85,0,1
87.280265,57962.84,-402.75,0,1
87.379558,57897.49,-436.75,0,1
87.48846,57907.92,-452.85,0,1
87.575812,57990.11,-386.05,0,1
87.672944,58012.92,-436.75,0,1
87.772821,57931.25,-449.8,0,1
87.881379,57914.22,-454.8,0,1
87.976891,57958.11,-455.45,0,1
88.072592,57964.08,-453.85,0,1
88.185588,57956.5,-450.75,0,1
88.280984,57967.38,-454.9,0,1
88.380528,57945.96,-451.95,0,1
88.472756,57933.47,-452.0,0,1
88.581252,57973.53,-458.2,0,1
88.689761,57991.65,-453.75,0,1
88.775596,57917.52,-453.2,0,1
88.873614,57896.86,-453.55,0,1
88.982938,57900.12,-450.9,0,1
89.082464,57983.7,-448.35,0,1
89.180235,57981.52,-452.6,0,1
89.27576,57992.25,-443.0,0,1
89.373347,57933.24,-452.85,0,1
89.481413,57900.34,-453.75,0,1
89.575393,57877.01,-452.45,0,1
89.674536,57890.59,-449.35,0,1
89.782725,57892.95,-489.45,0,1
89.890394,57914.94,-1073.15,0,1
89.977948,57862.08,-1186.95,0,1
90.075745,57846.51,-1227.45,0,1
90.173399,57885.34,-1194.35,0,1
90.283404,57861.37,-893.6,0,1
90.379357,57857.2,-759.05,0,1
90.487772,57853.98,-399.7,0,1
90.57437,57842.16,-375.9,0,1
90.684734,57855.18,-464.35,0,1
90.779583,57873.75,-411.9,0,1
90.872907,57927.05,-618.5,0,1
90.98133,57894.71,-596.3,0,1
91.07984,57772.8,-649.55,0,1
91.175614,57781.16,-609.25,0,1
91.272418,57845.05,-281.85,0,1
91.374564,57814.74,-623.05,0,1
91.474553,57799.73,-502.9,0,1
91.575217,57826.48,-490.25,0,1
91.683063,57817.14,-510.45,0,1
91.782458,57802.77,-513.9,0,1
91.878519,57841.19,-574.7,0,1
91.975087,57874.09,-427.6,0,1
92.084056,57853.98,-425.6,0,1
92.181662,57776.21,-503.65,0,1
92.276679,57783.79,-511.95,0,1
92.37597,57777.27,-525.45,0,1
92.48183,57801.5,-529.15,0,1
92.591117,57793.21,-497.3,0,1
92.678898,57801.65,-469.5,0,1
92.777637,57807.84,-512.8,0,1
92.875939,57797.75,-467.5,0,1
92.973364,57806.45,-470.6,0,1
93.07251,57796.02,-475.55,0,1
93.179418,57748.42,-472.7,0,1
93.276327,57663.94,-473.35,0,1
93.377428,57669.04,-475.25,0,1
93.474093,57734.35,-480.75,0,1
93.578179,57755.17,-474.25,0,1
93.684626,57760.38,-483.95,0,1
93.773959,57762.34,-483.8,0,1
93.882054,57734.61,-494.2,0,1
93.978219,57714.88,-512.3,0,1
94.077579,57691.1,-510.55,0,1
94.175758,57670.58,-1122.9,0,1
94.287468,57697.59,-820.95,0,1
94.382739,57603.17,-897.95,0,1
94.485961,57611.08,-539.9,0,1
94.588112,57690.05,114.65,0,1
94.677614,57685.96,-116.95,0,1
94.777355,57695.3,-496.5,0,1
94.873368,57665.93,-437.05,0,1
94.972809,57662.21,-408.95,0,1
95.081207,57614.72,-355.0,0,1
95.180962,57622.98,-439.1,0,1
95.280038,57638.54,-450.25,0,1
95.379035,57659.7,-551.8,0,1
95.475295,57546.41,-678.5,0,1
95.583838,57555.0,58.55,0,1
95.679415,57640.23,-364.85,0,1
95.774556,57609.28,-598.15,0,1
95.872637,57623.31,-579.8,0,1
95.980572,57619.86,-646.55,0,1
96.07641,57636.97,-619.9,0,1
96.17739,57600.84,-456.75,0,1
96.276108,57608.04,-358.75,0,1
96.37291,57612.81,-457.7,0,1
96.474515,57580.7,-568.9,0,1
96.583927,57513.4,-512.9,0,1
96.676362,57536.21,-465.85,0,1
96.774054,57555.27,-445.65,0,1
96.883837,57584.64,-335.85,0,1
96.978935,57545.21,-274.25,0,1
97.079539,57561.61,-617.3,0,1
97.18278,57552.0,-722.2,0,1
97.272136,57537.41,-605.55,0,1
97.382539,57549.04,-632.85,0,1
97.478495,57553.09,-207.65,0,1
97.576966,57541.35,-135.15,0,1
97.677532,57457.66,-478.35,0,1
97.773258,57476.3,-369.95,0,1
97.881171,57489.05,-501.9,0,1
97.976626,57524.17,-503.3,0,1
98.08608,57520.53,-602.0,0,1
98.183057,57524.95,-593.35,0,1
98.276735,57498.58,-570.95,0,1
98.376343,57469.02,-541.05,0,1
98.47334,57474.99,-590.95,0,1
98.572109,57470.41,-469.85,0,1
98.672329,57489.58,-540.75,0,1
98.782813,57415.75,-568.2,0,1
98.88294,57393.21,-490.65,0,1
98.976198,57431.43,-478.95,0,1
99.075947,57437.62,-499.95,0,1
99.175705,57420.48,-530.7,0,1
99.275603,57388.0,-1088.6,0,1
99.378159,57381.24,-1195.05,0,1
99.484622,57370.59,-1001.15,0,1
99.573035,57377.91,-831.95,0,1
99.683763,57384.77,-637.95,0,1
99.779258,57418.94,-346.05,0,1
99.876445,57347.82,-397.65,0,1
99.973647,57313.05,-290.95,0,1
100.087267,57310.38,-436.05,0,1
100.181179,57374.53,-534.85,0,1
100.279181,57378.92,-474.7,0,1
100.373872,57346.99,-453.8,0,1
100.479756,57347.37,-438.45,0,1
100.579047,57339.27,-431.35,0,1
100.686656,57313.57,-445.1,0,1
100.775588,57330.75,-446.7,0,1
100.878554,57398.61,-427.1,0,1
100.972839,57342.04,-472.45,0,1
101.0816,57310.79,-487.7,0,1
101.17801,57297.14,-489.45,0,1
101.276903,57353.63,-508.45,0,1
101.373043,57318.0,-489.05,0,1
101.48085,57306.37,-416.4,0,1
101.576348,57321.07,-397.8,0,1
101.675107,57302.05,-396.25,0,1
101.785974,57294.93,-416.5,0,1
101.892391,57303.14,-440.45,0,1
101.981644,57313.5,-411.55,0,1
102.077658,57217.01,-666.1,0,1
102.175266,57238.62,-842.25,0,1
102.273885,57244.92,-744.4,0,1
102.386673,57318.34,-510.5,0,1
102.480428,57280.9,-487.9,0,1
102.578688,57316.27,-355.85,0,1
102.673446,57270.62,-394.2,0,1
102.784383,57226.73,-388.8,0,1
102.878416,57235.8,-395.8,0,1
102.976383,57264.8,-375.95,0,1
103.07555,57294.66,-465.4,0,1
103.172384,57281.57,-503.0,0,1
103.273748,57167.38,-396.5,0,1
103.374157,57175.9,-458.85,0,1
103.482034,57214.24,-511.15,0,1
103.578693,57218.51,-496.05,0,1
103.673887,57228.98,-462.3,0,1
103.782731,57233.55,-438.4,0,1
103.873636,57231.08,-418.05,0,1
103.985575,57189.66,-395.0,0,1
104.07887,57193.0,-427.0,0,1
104.186499,57220.01,-434.45,0,1
104.276243,57170.54,-347.05,0,1
104.378024,57104.29,-680.75,0,1
104.478175,57134.82,-543.8,0,1
104.574747,57173.57,-656.15,0,1
104.681184,57148.78,-702.55,0,1
104.775196,57139.02,-502.6,0,1
104.875557,57133.96,-331.35,0,1
104.982672,57118.09,-451.75,0,1
105.078683,57106.84,-629.65,0,1
105.18638,57115.54,-431.75,0,1
105.292718,57156.32,-572.2,0,1
105.3794,57112.2,-598.25,0,1
105.479437,57065.46,-385.25,0,1
105.579678,57070.23,-449.3,0,1
105.676342,57145.25,-397.4,0,1
105.774994,57139.62,-603.0,0,1
105.882351,57097.31,-433.6,0,1
105.978836,57102.26,-401.3,0,1
106.076848,57064.07,-439.4,0,1
106.185705,57078.93,-469.45,0,1
106.279951,57087.63,-496.05,0,1
106.3767,57113.93,-454.15,0,1
106.473941,57102.75,-174.85,0,1
106.573328,57071.43,-361.45,0,1
106.671964,57065.65,-565.35,0,1
106.777254,57082.75,-677.3,0,1
106.876441,57065.95,-545.6,0,1
106.976042,57071.12,-558.85,0,1
107.084699,57036.8,-568.15,0,1
107.184216,57059.01,-347.15,0,1
107.278464,57076.45,-308.1,0,1
107.389446,57085.79,-687.8,0,1
107.480875,57073.75,-412.1,0,1
107.592361,57098.17,-563.5,0,1
107.685789,57008.52,-553.15,0,1
107.775685,56967.44,-385.6,0,1
107.876567,57021.87,-119.8,0,1
107.977312,57048.88,-371.2,0,1
108.072347,57087.82,-626.8,0,1
108.184901,57077.84,-411.55,0,1
108.276749,57087.82,-554.25,0,1
108.386364,56997.71,-470.0,0,1
108.483749,56994.04,-436.95,0,1
108.577397,57014.07,-416.15,0,1
108.675113,57061.04,-461.75,0,1
108.772889,57028.21,-584.85,0,1
108.871957,56977.95,-400.35,0,1
108.978555,56997.11,-406.45,0,1
109.072301,57038.45,-348.25,0,1
109.178276,57031.44,-508.6,0,1
109.275527,57010.8,-539.25,0,1
109.37283,57018.5,-522.95,0,1
109.481623,56999.25,-309.95,0,1
109.581226,56994.64,-393.8,0,1
109.672643,57011.59,-364.9,0,1
109.786141,57037.48,-577.7,0,1
109.878236,57009.19,-604.2,0,1
109.984869,56962.68,-541.7,0,1
110.075378,56963.54,-439.9,0,1
110.172608,56997.64,-281.9,0,1
110.27378,56991.79,-497.55,0,1
110.384249,56962.9,-615.15,0,1
110.481552,56976.71,-506.35,0,1
110.57684,56951.23,-535.25,0,1
110.674139,56943.73,-482.95,0,1
110.784446,56982.71,-471.15,0,1
110.887941,57006.42,-432.5,0,1
110.983006,56978.28,-498.85,0,1
111.081522,56889.68,-433.95,0,1
111.189118,56881.57,-316.9,0,1
111.277075,56899.66,-404.35,0,1
111.376122,56921.56,-467.45,0,1
111.477579,56925.87,-346.9,0,1
111.57394,56935.14,-331.1,0,1
111.684298,56922.16,-330.7,0,1
111.782078,56912.86,-331.85,0,1
111.879007,56916.91,-330.75,0,1
111.973299,56894.7,-318.0,0,1
112.084454,56934.88,-311.75,0,1
112.177864,56855.88,-307.4,0,1
112.286376,56892.0,-296.45,0,1
112.375345,56903.89,-301.65,0,1
112.472247,56934.13,-307.15,0,1
112.571623,56921.64,-298.8,0,1
112.673401,56910.87,-303.25,0,1
112.780221,56898.57,-300.8,0,1
112.875955,56859.4,-296.0,0,1
112.97385,56884.16,-299.55,0,1
113.081153,56908.96,-299.35,0,1
113.178313,56921.9,-298.5,0,1
113.281931,56914.1,-301.65,0,1
113.380694,56818.52,-295.85,0,1
113.487434,56839.37,-302.2,0,1
113.57606,56851.68,-298.35,0,1
113.672591,56848.68,-299.95,0,1
113.773192,56836.18,-299.0,0,1
113.881781,56852.91,-303.3,0,1
113.978363,56849.65,-301.9,0,1
114.077566,56837.5,-295.7,0,1
114.175273,56846.2,-293.9,0,1
114.282148,56853.29,-296.55,0,1
114.376376,56849.01,-299.65,0,1
114.475316,56755.12,-296.9,0,1
114.58293,56789.78,-293.5,0,1
114.673295,56775.56,-274.75,0,1
114.781556,56823.92,-355.6,0,1
114.872482,56851.41,-451.75,0,1
114.977711,56844.25,-523.3,0,1
115.078084,56830.93,-400.2,0,1
115.173779,56797.09,-601.6,0,1
115.271953,56785.13,-710.95,0,1
115.380541,56805.01,-604.8,0,1
115.485664,56829.21,-399.0,0,1
115.591867,56751.59,-408.25,0,1
115.676403,56791.13,-426.3,0,1
115.785113,56792.97,-568.2,0,1
115.875008,56874.04,-426.4,0,1
115.971784,56833.03,-478.65,0,1
116.076304,56808.39,-403.0,0,1
116.178495,56804.86,-422.8,0,1
116.280155,56785.09,-510.0,0,1
116.374481,56809.29,-313.55,0,1
116.484018,56786.63,-283.65,0,1
116.581192,56777.29,-280.4,0,1
116.674208,56763.45,-278.0,0,1
116.783477,56862.67,-276.9,0,1
116.89384,56740.9,-274.05,0,1
116.97099,56684.78,-274.5,0,1
117.080344,56722.56,-273.25,0,1
117.177608,56916.91,-277.5,0,1
117.276365,57205.72,-280.1,0,1
117.371649,57388.0,-283.55,0,1
117.48234,57404.24,-283.6,0,1
117.580017,57409.98,-284.05,0,1
117.674153,57468.5,-286.9,0,1
117.786273,57711.36,-278.1,0,1
117.877774,57786.75,-278.4,0,1
117.977576,57717.54,-281.2,0,1
118.080617,57662.06,-277.05,0,1
118.174029,57702.35,-277.35,0,1
118.2812,57717.92,-271.0,0,1
118.381879,57603.54,-269.95,0,1
118.470979,57381.96,-273.1,0,1
118.57654,57131.14,-270.15,0,1
118.672643,56960.39,-271.25,0,1
118.784338,57049.33,-273.45,0,1
118.881285,57358.59,-273.65,0,1
118.972446,57347.41,-273.35,0,1
119.083087,57149.3,-276.2,0,1
119.180323,57254.34,-274.0,0,1
119.286418,57336.71,-273.65,0,1
119.376225,57552.68,-270.9,0,1
119.473011,57693.16,-271.9,0,1
119.572478,57656.96,-275.7,0,1
119.671623,57624.96,-280.1,0,1
119.781477,57782.21,-278.1,0,1
119.88472,57803.22,-279.7,0,1
119.975528,57850.37,-276.4,0,1
120.072101,57790.51,-279.7,0,1
120.185957,57886.16,-278.75,0,1
120.278561,57889.84,-278.1,0,1
120.385902,57961.86,-282.25,0,1
120.477902,57852.59,-283.85,0,1
120.576715,57897.57,-282.4,0,1
120.680895,57982.42,-277.35,0,1
120.775657,57876.79,-281.3,0,1
120.877695,57831.32,-288.55,0,1
120.983025,57841.45,-291.45,0,1
121.082668,57615.29,-286.45,0,1
121.178068,57775.95,-284.85,0,1
121.28192,57839.91,-285.4,0,1
121.382044,57744.55,-280.6,0,1
121.474146,57510.25,-281.4,0,1
121.575072,57564.42,-280.25,0,1
121.678109,57553.54,-280.05,0,1
121.770988,57803.26,-279.25,0,1
121.877418,57897.64,-276.8,0,1
121.975774,57478.78,-274.95,0,1
122.076381,57359.48,-275.45,0,1
122.172474,57386.12,-276.35,0,1
122.283377,57702.69,-282.3,0,1
122.379153,57672.9,-280.4,0,1
122.48903,57669.75,-277.85,0,1
122.582868,57681.87,-278.4,0,1
122.676002,57611.95,-277.8,0,1
122.785597,57594.95,-279.55,0,1
122.88135,57784.66,-282.25,0,1
122.972814,57645.93,-284.55,0,1
123.082388,57654.93,-284.05,0,1
123.182553,57748.49,-283.0,0,1
123.27246,57740.46,-281.85,0,1
123.376889,57774.68,-282.45,0,1
123.4839,57797.11,-283.2,0,1
123.582421,57865.38,-283.65,0,1
123.681978,57947.54,-283.45,0,1
123.784384,57949.41,-288.55,0,1
123.876247,57969.97,-285.95,0,1
123.985846,57837.21,-284.7,0,1
124.082133,57827.68,-286.65,0,1
124.173428,57801.68,-285.9,0,1
124.279927,57754.64,-284.1,0,1
124.379083,57700.7,-282.7,0,1
124.477881,57601.89,-283.65,0,1
124.574255,57589.66,-286.15,0,1
124.672178,57598.52,-283.8,0,1
124.781407,57649.42,-283.35,0,1
124.878583,57746.95,-282.6,0,1
124.987537,57695.37,-283.25,0,1
125.07834,57613.75,-285.65,0,1
125.179873,57659.32,-285.5,0,1
125.287326,57675.72,-285.1,0,1
125.377397,57667.16,-286.65,0,1
125.476637,57584.34,-282.55,0,1
125.574881,57709.96,-284.5,0,1
125.682485,57766.39,-283.15,0,1
125.771965,57709.96,-283.95,0,1
125.878412,57782.63,-282.65,0,1
125.97481,57768.56,-281.55,0,1
126.072314,57625.23,-280.35,0,1
126.1799,57789.3,-279.6,0,1
126.288578,57920.52,-280.35,0,1
126.3787,57855.33,-279.35,0,1
126.47595,57782.07,-277.2,0,1
126.581948,57788.78,-275.25,0,1
126.675641,57796.13,-275.4,0,1
126.784582,57810.35,-273.8,0,1
126.881822,57800.97,-276.1,0,1
126.978276,57725.87,-279.55,0,1
127.086974,57739.11,-279.25,0,1
127.177711,57752.62,-277.05,0,1
127.286875,57803.48,-279.45,0,1
127.374932,57789.38,-280.35,0,1
127.475535,57774.9,-279.25,0,1
127.58154,57656.77,-279.65,0,1
127.68197,57738.4,-280.8,0,1
127.777216,57908.82,-282.1,0,1
127.877285,57754.95,-286.5,0,1
127.971548,57433.91,-285.25,0,1
128.083272,58058.09,-286.25,0,1
128.18134,57987.15,-284.4,0,1
128.274468,57928.82,-285.5,0,1
128.384659,57864.55,-287.2,0,1
128.477406,57935.57,-285.85,0,1
128.58714,57969.63,-290.1,0,1
128.681366,58099.5,-285.95,0,1
128.775871,58109.7,-285.65,0,1
128.872661,58029.57,-286.2,0,1
128.974077,58060.82,-285.15,0,1
129.081681,57997.09,-283.85,0,1
129.180265,57964.41,-284.1,0,1
129.277411,57971.2,-282.95,0,1
129.37129,58004.07,-283.9,0,1
129.486307,58009.58,-284.95,0,1
129.592376,58104.07,-284.15,0,1
129.68782,58175.65,-282.65,0,1
129.777342,58164.51,-284.65,0,1
129.880846,58075.71,-284.65,0,1
129.9763,58061.23,-284.9,0,1
130.073641,57999.41,-284.4,0,1
130.172133,57973.23,-285.3,0,1
130.278933,57978.75,-284.95,0,1
130.37828,58071.62,-285.85,0,1
130.487078,58093.68,-285.9,0,1
130.583305,58118.18,-286.35,0,1
130.677005,58039.44,-282.65,0,1
130.773904,57949.6,-279.25,0,1
130.877004,57967.38,-281.3,0,1
130.971375,57965.58,-280.1,0,1
131.082852,57929.27,-281.65,0,1
131.177276,57924.2,-276.2,0,1
131.278612,58034.45,-276.45,0,1
131.375814,58058.72,-274.25,0,1
131.482525,58222.91,-277.6,0,1
131.580399,58258.1,-278.25,0,1
131.674784,58320.45,-274.9,0,1
131.780992,58224.41,-275.6,0,1
131.877773,58170.59,-274.6,0,1
131.987261,58167.51,-276.2,0,1
132.076399,58144.78,-278.3,0,1
132.175316,58131.23,-278.15,0,1
132.272789,58088.32,-277.35,0,1
132.380734,58064.27,-278.85,0,1
132.478558,58105.46,-278.7,0,1
132.573939,58128.08,-275.2,0,1
132.685604,58114.84,-279.3,0,1
132.778926,58129.73,-282.5,0,1
132.87831,58208.1,-282.9,0,1
132.974624,58220.7,-279.6,0,1
133.071612,58231.92,-282.0,0,1
133.175017,58231.8,-281.65,0,1
133.284642,58219.09,-280.8,0,1
133.373814,58150.25,-279.3,0,1
133.470798,58077.63,-301.45,0,1
133.572356,58042.4,-453.1,0,1
133.677845,58138.29,-952.1,0,1
133.780796,58220.4,-1238.9,0,1
133.884819,58190.95,-883.75,0,1
133.983041,58189.42,-1129.9,0,1
134.079139,58169.76,-556.95,0,1
134.183687,58169.8,-471.55,0,1
134.284965,58165.03,-556.2,0,1
134.380287,58179.59,-441.45,0,1
134.489603,58215.3,-413.05,0,1
134.577686,58138.17,-498.05,0,1
134.672252,58112.03,-461.15,0,1
134.774637,58145.64,-458.05,0,1
134.880547,58167.77,-576.75,0,1
134.979319,58141.7,-612.15,0,1
135.074841,58139.56,-503.55,0,1
135.172391,58147.55,-463.8,0,1
135.282428,58181.39,-472.15,0,1
135.376675,58186.53,-465.15,0,1
135.483717,58195.16,-440.45,0,1
135.572894,58179.93,-494.75,0,1
135.67576,58061.42,-475.55,0,1
135.771945,58057.9,-487.2,0,1
135.881905,58092.18,-492.15,0,1
135.970829,58105.84,-507.5,0,1
136.077044,58100.36,-505.9,0,1
136.172838,58125.61,-504.75,0,1
136.282976,58133.97,-493.2,0,1
136.379365,58128.61,-495.4,0,1
136.475865,58112.55,-489.65,0,1
136.580989,57981.03,-491.85,0,1
136.681338,58006.8,-491.15,0,1
136.788149,58005.53,-489.0,0,1
136.881819,58029.39,-492.4,0,1
136.973915,58079.54,-490.3,0,1
137.072881,58075.71,-490.35,0,1
137.171736,58078.23,-491.5,0,1
137.278639,57956.95,-488.75,0,1
137.374091,57950.72,-486.2,0,1
137.472487,57915.95,-486.7,0,1
137.581126,57909.35,-491.0,0,1
137.671582,57946.52,-487.7,0,1
137.77218,57966.89,-489.65,0,1
137.883746,57940.33,-491.45,0,1
137.990934,57943.97,-488.5,0,1
138.071353,57975.74,-486.8,0,1
138.181176,57989.32,-489.0,0,1
138.276931,57990.86,-491.8,0,1
138.3791,57960.44,-492.4,0,1
138.485694,57912.23,-490.3,0,1
138.58008,57896.55,-490.7,0,1
138.679936,57953.72,-487.15,0,1
138.788049,57983.62,-490.25,0,1
138.886892,58010.11,-489.9,0,1
138.981713,57991.39,-487.25,0,1
139.071941,57996.45,-487.4,0,1
139.177214,58001.48,-495.35,0,1
139.278565,57992.51,-491.65,0,1
139.374644,57986.7,-488.7,0,1
139.470875,57970.87,-489.7,0,1
139.581725,57957.32,-491.5,0,1
139.675693,57962.91,-490.65,0,1
139.786251,58001.78,-490.7,0,1
139.881848,57981.93,-490.75,0,1
139.974238,57980.7,-494.85,0,1
140.084291,57989.62,-491.9,0,1
140.180543,57981.33,-489.25,0,1
140.28995,57977.43,-487.75,0,1
140.379818,57989.36,-490.65,0,1
140.480312,58024.77,-490.5,0,1
140.572787,58016.45,-490.35,0,1
140.674422,57972.03,-489.35,0,1
140.779814,57980.25,-491.85,0,1
140.875086,57953.01,-491.9,0,1
140.983883,57916.4,-492.7,0,1
141.081157,57902.93,-492.7,0,1
141.172231,57944.57,-489.75,0,1
141.2814,57925.96,-489.45,0,1
141.377078,57955.04,-487.95,0,1
141.489557,57971.02,-491.1,0,1
141.581563,58001.25,-495.05,0,1
141.682997,57921.69,-494.35,0,1
141.77421,57926.45,-488.7,0,1
141.87193,57926.04,-488.4,0,1
141.982394,57952.67,-489.3,0,1
142.076071,57919.25,-491.65,0,1
142.174932,57917.41,-494.05,0,1
142.286377,57902.75,-489.9,0,1
142.377678,57885.68,-488.5,0,1
142.474288,57868.12,-491.05,0,1
142.582773,57902.29,-492.75,0,1
142.6726,57882.75,-488.15,0,1
142.780952,57893.4,-489.3,0,1
142.881088,57919.36,-485.5,0,1
142.976072,57892.09,-489.15,0,1
143.075927,57853.0,-490.5,0,1
143.183984,57807.09,-490.3,0,1
143.292821,57827.68,-493.85,0,1
143.37709,57816.84,-494.05,0,1
143.484005,57810.54,-492.25,0,1
143.578243,57857.73,-491.45,0,1
143.674482,57945.66,-488.55,0,1
143.783454,57829.33,-487.2,0,1
143.871727,57800.79,-486.65,0,1
143.98211,57872.1,-491.6,0,1
144.072198,57813.31,-487.4,0,1
144.177171,57811.14,-488.55,0,1
144.276391,57837.32,-492.05,0,1
144.385413,57823.82,-492.4,0,1
144.484087,57811.14,-488.8,0,1
144.579716,57883.57,-489.1,0,1
144.689311,57896.78,-491.35,0,1
144.781999,57878.92,-488.4,0,1
144.876165,57834.55,-492.3,0,1
144.978153,57832.86,-491.7,0,1
145.080449,57892.2,-490.35,0,1
145.188281,57895.05,-488.45,0,1
145.281561,57871.2,-487.8,0,1
145.375163,57878.73,-490.15,0,1
145.475691,57864.82,-488.65,0,1
145.588551,57873.9,-491.4,0,1
145.682538,57882.68,-491.5,0,1
145.778878,57903.23,-489.35,0,1
145.877381,57877.61,-488.4,0,1
145.983097,57855.7,-494.35,0,1
146.078921,57860.17,-489.95,0,1
146.18816,57897.27,-488.85,0,1
146.284943,57857.69,-490.4,0,1
146.374313,57873.15,-489.45,0,1
146.472678,57866.09,-489.1,0,1
146.582664,57854.46,-490.95,0,1
146.681279,57889.24,-490.5,0,1
146.783421,57892.8,-488.95,0,1
146.877713,57907.96,-492.65,0,1
146.975044,57860.58,-491.0,0,1
147.071506,57808.44,-490.3,0,1
147.181371,57873.3,-491.4,0,1
147.276256,57873.52,-489.55,0,1
147.386435,57878.4,-489.0,0,1
147.47633,57875.7,-484.75,0,1
147.575911,57841.34,-487.45,0,1
147.678021,57795.57,-491.7,0,1
147.773529,57804.16,-487.6,0,1
147.882581,57862.53,-488.3,0,1
147.980724,57804.98,-489.3,0,1
148.075994,57793.7,-491.3,0,1
148.183528,57807.87,-492.45,0,1
148.279507,57862.12,-490.05,0,1
148.372666,57817.21,-491.2,0,1
148.482092,57795.61,-489.95,0,1
148.574604,57759.89,-490.4,0,1
148.679756,57750.25,-488.05,0,1
148.782275,57750.59,-488.75,0,1
148.880864,57807.09,-489.35,0,1
148.9797,57785.33,-485.9,0,1
149.07302,57764.43,-491.65,0,1
149.182024,57798.38,-490.4,0,1
149.280046,57738.55,-485.0,0,1
149.371617,57757.46,-486.35,0,1
149.48369,57719.76,-486.65,0,1
149.581209,57713.91,-490.55,0,1
149.67083,57690.72,-490.1,0,1
149.775947,57683.71,-489.25,0,1
149.877701,57748.19,-489.2,0,1
149.975721,57679.09,-489.05,0,1
150.076036,57690.27,-487.1,0,1
150.184416,57678.16,-484.25,0,1
150.281304,57781.8,-485.75,0,1
150.377769,57786.61,-486.65,0,1
150.471507,57770.4,-486.75,0,1
150.580469,57735.4,-489.05,0,1
150.678657,57720.25,-487.05,0,1
150.78783,57707.75,-484.2,0,1
150.87623,57708.58,-486.3,0,1
150.978029,57730.86,-487.45,0,1
151.071704,57732.51,-484.5,0,1
151.181938,57722.54,-484.75,0,1
151.279454,57775.24,-485.7,0,1
151.370283,57768.07,-489.65,0,1
151.478789,57757.98,-489.4,0,1
151.577813,57692.45,-483.2,0,1
151.686748,57693.76,-481.3,0,1
151.779861,57712.82,-486.0,0,1
151.901504,57734.84,-486.15,0,1
151.982923,57784.73,-483.55,0,1
152.072313,57739.56,-487.25,0,1
152.173317,57648.63,-489.4,0,1
152.272763,57702.69,-488.8,0,1
152.380237,57693.42,-486.2,0,1
152.478957,57681.01,-490.5,0,1
152.572397,57682.36,-490.8,0,1
152.680728,57698.45,-484.8,0,1
152.781662,57698.41,-484.55,0,1
152.873925,57689.56,-484.2,0,1
152.971738,57695.45,-487.6,0,1
153.081109,57648.0,-483.8,0,1
153.171527,57569.67,-485.65,0,1
153.279711,57606.77,-488.35,0,1
153.380199,57637.72,-484.7,0,1
153.480743,57670.05,-485.4,0,1
153.57565,57663.82,-486.8,0,1
153.674508,57650.43,-487.65,0,1
153.771665,57595.66,-488.55,0,1
153.884625,57568.84,-484.3,0,1
153.976052,57556.61,-488.85,0,1
154.087093,57492.88,-490.25,0,1
154.174112,57487.78,-490.65,0,1
154.279874,57491.79,-487.85,0,1
154.380469,57568.24,-485.4,0,1
154.470644,57556.88,-486.6,0,1
154.577778,57563.03,-486.4,0,1
154.677562,57525.55,-490.2,0,1
154.775745,57509.5,-485.95,0,1
154.873824,57538.64,-488.95,0,1
154.977495,57532.91,-485.0,0,1
155.078185,57572.63,-489.65,0,1
155.176562,57577.17,-483.3,0,1
155.283715,57515.5,-488.05,0,1
155.380641,57537.18,-488.6,0,1
155.475516,57588.57,-488.4,0,1
155.57187,57575.52,-491.85,0,1
155.680534,57562.46,-488.15,0,1
155.779852,57560.03,-489.45,0,1
155.872149,57553.43,-487.15,0,1
155.977558,57563.33,-487.55,0,1
156.071956,57570.64,-489.45,0,1
156.179331,57499.37,-486.7,0,1
156.274852,57470.11,-485.95,0,1
156.380756,57527.73,-486.35,0,1
156.479751,57565.73,-489.25,0,1
156.572366,57579.76,-488.65,0,1
156.680269,57532.95,-485.75,0,1
156.780139,57532.68,-487.25,0,1
156.887743,57500.08,-488.7,0,1
156.971214,57524.32,-488.85,0,1
157.079731,57554.52,-486.4,0,1
157.174637,57576.68,-486.3,0,1
157.272039,57573.27,-487.4,0,1
157.371138,57511.82,-489.1,0,1
157.479013,57506.54,-489.95,0,1
157.573857,57538.01,-489.7,0,1
157.687546,57525.67,-485.95,0,1
157.77716,57527.2,-487.2,0,1
157.873054,57528.74,-488.9,0,1
157.983587,57527.84,-487.15,0,1
158.07267,57529.57,-485.7,0,1
158.169834,57544.46,-487.55,0,1
158.280711,57573.38,-488.9,0,1
158.377676,57490.7,-485.7,0,1
158.484854,57480.09,-490.6,0,1
158.580471,57543.48,-486.05,0,1
158.679119,57490.59,-486.95,0,1
158.777115,57468.84,-485.9,0,1
158.870689,57453.45,-485.7,0,1
158.978207,57461.0,-487.35,0,1
159.076125,57446.07,-486.35,0,1
159.183689,57425.47,-483.55,0,1
159.272489,57468.23,-487.7,0,1
159.381209,57420.86,-487.0,0,1
159.474053,57433.98,-486.0,0,1
159.580531,57473.97,-487.65,0,1
159.676252,57559.2,-497.6,0,1
159.773894,57538.8,-552.1,0,1
159.879545,57536.39,-503.7,0,1
159.97538,57550.27,-606.9,0,1
160.073968,57508.04,-569.9,0,1
160.184287,57479.86,-741.35,0,1
160.277766,57479.68,-476.3,0,1
160.386877,57567.3,-505.2,0,1
160.475283,57545.89,-470.5,0,1
160.573265,57552.6,-527.5,0,1
160.672206,57572.59,-422.55,0,1
160.770147,57521.35,-399.1,0,1
160.878578,57489.43,-373.7,0,1
160.973595,57533.36,-424.75,0,1
161.0811,57625.6,-433.4,0,1
161.180642,57522.29,-427.75,0,1
161.272486,57331.24,-411.8,0,1
161.378885,57250.29,-391.65,0,1
161.474057,57378.2,-388.1,0,1
161.587105,57555.86,-389.25,0,1
161.67697,57458.41,-393.85,0,1
161.775393,57502.82,-382.3,0,1
161.873008,57505.52,-391.15,0,1
161.980402,57553.35,-393.95,0,1
162.076601,57672.49,-422.55,0,1
162.184082,57630.52,-826.1,0,1
162.28209,57650.88,-1290.5,0,1
162.376849,57785.18,-1173.25,0,1
162.485369,57783.94,-929.9,0,1
162.57337,57856.0,-475.1,0,1
162.686428,57829.41,-298.1,0,1
162.770703,57862.87,-271.1,0,1
162.874863,57880.95,-380.85,0,1
162.971296,57955.0,-515.4,0,1
163.072423,57993.6,-320.7,0,1
163.181776,57996.0,-443.15,0,1
163.27819,58086.48,-430.35,0,1
163.373329,57961.75,-563.75,0,1
163.482295,57909.23,-501.85,0,1
163.578499,58061.39,-490.05,0,1
163.673172,58128.83,-513.65,0,1
163.771818,58133.26,-624.55,0,1
163.88236,57953.23,-238.5,0,1
163.975675,58127.11,-554.15,0,1
164.070185,57920.94,-630.0,0,1
164.179544,57760.8,-503.85,0,1
164.28071,57896.63,-643.3,0,1
164.37713,57800.11,-618.8,0,1
164.484473,57720.25,-536.7,0,1
164.579356,57731.43,-531.8,0,1
164.675748,57902.18,-532.25,0,1
164.784315,57912.46,-521.95,0,1
164.877788,57795.01,-532.0,0,1
164.974019,57878.59,-526.35,0,1
165.083623,57883.73,-531.25,0,1
165.174618,57834.73,-529.4,0,1
165.27157,57774.94,-518.6,0,1
165.380613,57806.97,-511.35,0,1
165.48104,57721.59,-511.3,0,1
165.579015,57769.72,-513.75,0,1
165.67545,57769.91,-512.3,0,1
165.773936,57805.29,-521.15,0,1
165.880392,57861.29,-513.7,0,1
165.973097,57921.76,-524.8,0,1
166.073962,57791.11,-522.15,0,1
166.18053,57902.82,-524.45,0,1
166.272278,57803.15,-524.15,0,1
166.37132,57698.64,-531.25,0,1
166.475001,57677.48,-530.85,0,1
166.579453,57856.94,-540.35,0,1
166.675249,57754.72,-534.85,0,1
166.784929,57834.66,-539.9,0,1
166.878427,57857.46,-535.15,0,1
166.975781,57780.45,-531.9,0,1
167.085952,57660.45,-524.6,0,1
167.175962,57608.72,-527.3,0,1
167.273181,57724.86,-482.85,0,1
167.381994,57710.53,-371.4,0,1
167.473588,57792.08,-445.05,0,1
167.579588,57826.74,-518.75,0,1
167.680949,57831.47,-378.7,0,1
167.780386,57811.66,-409.0,0,1
167.88068,57857.13,-316.85,0,1
167.971485,57989.81,-369.2,0,1
168.072955,57729.55,-336.4,0,1
168.177299,57689.26,-338.15,0,1
168.287536,57999.86,-236.0,0,1
168.378445,58022.41,-287.25,0,1
168.475789,57901.54,-361.7,0,1
168.584029,57982.72,-265.75,0,1
168.675234,57833.12,-242.25,0,1
168.774339,58114.95,-244.05,0,1
168.881747,58230.57,-244.3,0,1
168.977679,58095.52,-241.55,0,1
169.079301,58078.15,-240.7,0,1
169.172155,58237.36,-241.8,0,1
169.280093,58305.44,-239.6,0,1
169.384531,57835.63,-237.25,0,1
169.472272,58069.82,-241.0,0,1
169.571934,58259.83,-239.05,0,1
169.681793,58331.52,-240.15,0,1
169.77078,58261.48,-238.45,0,1
169.879805,58152.58,-230.25,0,1
169.98012,57962.73,-231.25,0,1
170.072644,57990.07,-230.5,0,1
170.170471,58076.13,-232.0,0,1
170.280795,58097.59,-232.85,0,1
170.37432,58083.78,-233.75,0,1
170.475616,58152.36,-233.45,0,1
170.584285,58032.76,-234.5,0,1
170.6746,58137.09,-233.95,0,1
170.78405,58047.77,-234.35,0,1
170.881217,57960.06,-234.4,0,1
170.971385,58002.94,-237.9,0,1
171.0798,58058.87,-235.35,0,1
171.178039,58053.51,-234.9,0,1
171.274977,57968.5,-232.8,0,1
171.37223,57822.73,-233.7,0,1
171.483734,57894.12,-237.45,0,1
171.576537,57953.57,-234.05,0,1
171.673315,57955.79,-235.85,0,1
171.781791,57925.44,-233.35,0,1
171.873369,58017.46,-236.15,0,1
171.983823,58088.96,-236.9,0,1
172.082795,57739.83,-238.4,0,1
172.172383,57729.02,-238.0,0,1
172.270685,58120.5,-241.7,0,1
172.370645,58320.71,-237.15,0,1
172.477027,58143.5,-234.25,0,1
172.576291,58026.84,-234.7,0,1
172.682888,57931.14,-233.7,0,1
172.77561,57920.3,-235.1,0,1
172.873614,57965.58,-237.05,0,1
172.986237,58069.86,-235.1,0,1
173.076272,58196.21,-234.3,0,1
173.172915,58172.61,-235.6,0,1
173.283619,58132.06,-236.25,0,1
173.37437,58051.26,-234.2,0,1
173.475025,58068.1,-234.55,0,1
173.571566,58002.19,-235.3,0,1
173.680773,58003.8,-236.25,0,1
173.778985,58071.33,-238.75,0,1
173.875763,58048.74,-237.45,0,1
173.971329,58037.9,-235.3,0,1
174.079178,58037.98,-235.95,0,1
174.175159,58049.98,-239.8,0,1
174.271489,58073.46,-240.65,0,1
174.382395,58039.66,-240.85,0,1
174.472481,58034.6,-237.25,0,1
174.57241,58069.71,-240.35,0,1
174.670315,58063.11,-240.35,0,1
174.769958,58068.18,-240.75,0,1
174.87994,58075.3,-239.25,0,1
174.975303,58087.53,-236.65,0,1
175.074085,58068.21,-238.05,0,1
175.184456,58027.1,-241.6,0,1
175.27545,58055.01,-240.6,0,1
175.373243,58088.36,-239.8,0,1
175.482584,58040.27,-239.85,0,1
175.573051,58034.9,-244.45,0,1
175.670418,58069.98,-240.7,0,1
175.770542,58042.82,-238.0,0,1
175.880184,58006.88,-242.1,0,1
175.980562,58148.75,-244.7,0,1
176.072651,58107.9,-241.7,0,1
176.182645,58054.75,-239.25,0,1
176.280044,58065.4,-242.45,0,1
176.372331,58170.02,-240.0,0,1
176.471123,58089.78,-238.1,0,1
176.577231,58082.47,-238.6,0,1
176.689596,57913.92,-237.2,0,1
176.769869,57774.94,-239.75,0,1
176.876693,57868.34,-235.1,0,1
176.975569,57915.98,-234.05,0,1
177.074757,58065.18,-234.35,0,1
177.182788,58081.94,-229.85,0,1
177.275446,58226.63,-229.95,0,1
177.383115,58189.3,-227.2,0,1
177.482486,58057.37,-229.7,0,1
177.570577,57681.38,-229.6,0,1
177.680163,56512.22,-225.8,0,1
177.779096,55213.23,-225.05,0,1
177.871688,54164.79,-217.65,0,1
177.979082,53584.14,-218.8,0,1
178.073354,53693.11,-218.1,0,1
178.17472,52820.79,-220.0,0,1
178.272786,51586.73,-193.3,0,1
178.386123,49137.01,-181.7,0,1
178.478744,48775.31,-255.95,0,1
178.574604,48477.2,-341.8,0,1
178.685083,48682.02,-360.75,0,1
178.776567,48147.27,-366.35,0,1
178.873326,48487.1,-374.75,0,1
178.981719,48950.57,-374.95,0,1
179.073307,49288.18,-392.2,0,1
179.181388,49493.38,-389.35,0,1
179.281228,49543.38,-384.9,0,1
179.37635,49568.59,-401.3,0,1
179.475586,49462.24,-402.75,0,1
179.586284,49436.17,-400.7,0,1
179.681683,49428.18,-413.1,0,1
179.776197,49523.8,-406.85,0,1
179.873988,49572.83,-402.65,0,1
179.972732,49634.84,-410.0,0,1
180.07636,49648.94,-407.35,0,1
180.173807,49765.57,-407.3,0,1
180.281727,49851.25,-414.5,0,1
180.370723,49873.53,-407.55,0,1
180.480858,49724.76,-413.3,0,1
180.570576,49568.14,-411.75,0,1
180.680195,49643.43,-412.75,0,1
180.781063,49974.59,-419.5,0,1
180.871068,49998.64,-419.2,0,1
180.978975,49973.35,-413.7,0,1
181.074241,49862.24,-422.9,0,1
181.17556,49857.51,-412.3,0,1
181.27365,49815.46,-419.1,0,1
181.382211,49979.24,-416.9,0,1
181.473821,50041.25,-415.8,0,1
181.570109,50067.32,-403.95,0,1
181.677513,50214.18,-402.45,0,1
181.779248,50335.87,-406.75,0,1
181.877988,50280.43,-403.25,0,1
181.971486,51878.7,-398.3,0,1
182.079696,52765.23,-403.45,0,1
182.173359,53670.56,-420.05,0,1
182.274094,53958.44,-453.75,0,1
182.380637,53999.51,-449.55,0,1
182.476415,55038.84,-446.45,0,1
182.571586,55882.2,-459.25,0,1
182.681926,57100.91,-462.5,0,1
182.770184,57286.37,-467.0,0,1
182.878998,57744.7,-420.1,0,1
182.98143,57888.04,-315.35,0,1
183.077179,58151.34,-523.65,0,1
183.176227,58140.8,-528.85,0,1
183.284427,58364.94,-502.35,0,1
183.374405,58298.65,-531.2,0,1
183.482117,58647.67,-511.6,0,1
183.580168,58649.02,-502.15,0,1
183.689405,58584.43,-492.25,0,1
183.782046,58274.31,-488.1,0,1
183.88156,58212.04,-508.0,0,1
183.971531,58297.9,-510.8,0,1
184.081303,58299.66,-491.75,0,1
184.179131,58319.02,-499.25,0,1
184.280711,58317.18,-508.25,0,1
184.375192,58237.13,-498.05,0,1
184.481564,58077.74,-494.65,0,1
184.573453,58086.26,-495.1,0,1
184.671513,58049.34,-499.45,0,1
184.78237,57951.89,-501.15,0,1
184.875777,57819.95,-501.9,0,1
184.971649,57761.36,-489.75,0,1
185.084636,57655.65,-495.05,0,1
185.174121,57492.21,-499.15,0,1
185.276849,57524.99,-498.3,0,1
185.370317,57483.46,-510.2,0,1
185.47898,57464.41,-489.5,0,1
185.57868,57451.92,-504.7,0,1
185.672424,57624.77,-493.85,0,1
185.7815,57631.38,-483.2,0,1
185.880384,57430.23,-501.15,0,1
185.972972,56902.39,-475.6,0,1
186.073599,56320.68,-471.45,0,1
186.191688,56166.88,-472.25,0,1
186.271807,55853.05,-479.2,0,1
186.369413,55225.8,-492.55,0,1
186.478645,54451.5,-486.4,0,1
186.579754,54363.98,-474.45,0,1
186.675663,53913.54,-449.55,0,1
186.77085,53200.3,-465.5,0,1
186.880388,52635.33,-458.9,0,1
186.977121,52371.57,-436.8,0,1
187.088384,52038.09,-438.3,0,1
187.171701,52014.53,-431.35,0,1
187.276133,52203.45,-433.5,0,1
187.386412,52408.26,-427.5,0,1
187.482622,52567.02,-403.65,0,1
187.571602,52642.0,-413.2,0,1
187.681265,52752.52,-394.4,0,1
187.770562,52834.78,-403.6,0,1
187.879282,52835.57,-404.95,0,1
187.975555,52851.36,-387.2,0,1
188.072619,52722.43,-368.05,0,1
188.17956,52330.65,-359.45,0,1
188.27601,52460.25,-367.75,0,1
188.38693,52649.47,-375.5,0,1
188.478664,52819.7,-343.65,0,1
188.57605,52877.62,-347.35,0,1
188.685844,52906.54,-348.3,0,1
188.773827,52871.36,-342.65,0,1
188.874149,52865.32,-339.65,0,1
188.975227,52744.3,-339.1,0,1
189.072607,53062.04,-329.3,0,1
189.185497,53577.8,-458.8,0,1
189.275755,54076.6,-804.75,0,1
189.37238,54403.64,-713.0,0,1
189.4849,54927.77,-554.2,0,1
189.57707,55681.32,-1.1,0,1
189.672031,56918.15,-461.7,0,1
189.782624,57341.22,-591.85,0,1
189.874666,57645.48,-488.65,0,1
189.969766,57838.75,-458.15,0,1
190.079165,58249.4,-453.05,0,1
190.178967,58267.74,-584.3,0,1
190.275426,57855.74,-495.85,0,1
190.374081,57925.66,-462.4,0,1
190.471167,57972.67,-416.0,0,1
190.582628,57869.43,-447.2,0,1
190.674655,57800.9,-363.7,0,1
190.78511,57818.41,-449.75,0,1
190.882322,57921.28,-372.4,0,1
190.972761,57839.84,-508.1,0,1
191.070923,57837.02,-394.1,0,1
191.175727,57894.15,-386.35,0,1
191.276335,57883.5,-392.35,0,1
191.376926,57889.61,-414.4,0,1
191.470298,57937.74,-371.7,0,1
191.580425,58012.58,-358.5,0,1
191.676896,57970.34,-345.55,0,1
191.77531,57899.22,-346.4,0,1
191.879559,57988.8,-334.25,0,1
191.97562,57935.75,-336.05,0,1
192.087781,57877.35,-339.9,0,1
192.179362,57894.87,-335.05,0,1
192.276332,57857.17,-329.75,0,1
192.374035,57740.5,-327.15,0,1
192.470456,57774.98,-334.85,0,1
192.584214,57759.79,-336.0,0,1
192.676698,57692.3,-336.2,0,1
192.772259,57233.67,-340.0,0,1
192.87896,57447.15,-352.4,0,1
192.972199,57388.67,-416.85,0,1
193.084681,57277.78,-423.75,0,1
193.180464,57211.61,-398.75,0,1
193.269604,57015.2,-464.3,0,1
193.376883,57089.73,-493.5,0,1
193.480679,56628.78,-509.15,0,1
193.579475,56414.69,-481.95,0,1
193.67584,56149.21,-471.0,0,1
193.769478,56021.0,-540.8,0,1
193.880023,55919.68,-380.55,0,1
193.979525,55873.76,-556.5,0,1
194.075491,54740.54,-513.9,0,1
194.182267,54129.98,-421.1,0,1
194.278476,54123.72,-413.3,0,1
194.386562,54157.63,-479.0,0,1
194.476575,54052.63,-401.7,0,1
194.572493,54035.0,-394.45,0,1
194.676843,54372.12,-349.2,0,1
194.774025,54416.32,-342.1,0,1
194.883378,54422.32,-342.25,0,1
194.984843,54369.05,-335.65,0,1
195.076459,54374.08,-337.45,0,1
195.171973,54298.15,-336.9,0,1
195.281928,54284.01,-334.7,0,1
195.377508,54266.45,-334.3,0,1
195.487522,54309.44,-326.15,0,1
195.576587,54372.12,-326.2,0,1
195.674226,54368.82,-302.85,0,1
195.773184,54335.06,-400.45,0,1
195.87263,54350.18,-371.1,0,1
195.982667,54509.8,-414.45,0,1
196.075027,54551.29,-399.55,0,1
196.177878,54352.25,-447.5,0,1
196.281861,54238.39,-358.7,0,1
196.371674,54128.78,-527.2,0,1
196.472398,54261.77,-415.95,0,1
196.58221,54433.2,-407.0,0,1
196.671455,54503.38,-356.65,0,1
196.769952,54440.47,-342.75,0,1
196.870789,54455.03,-342.15,0,1
196.975674,54349.92,-342.3,0,1
197.076194,54338.96,-339.4,0,1
197.170432,54194.32,-344.35,0,1
197.278876,54384.32,-340.6,0,1
197.374964,54134.04,-339.2,0,1
197.487988,54047.57,-339.45,0,1
197.578608,53854.23,-341.85,0,1
197.674185,53789.78,-343.05,0,1
197.782594,53804.79,-340.85,0,1
197.872987,54018.01,-344.8,0,1
197.970371,54105.22,-341.4,0,1
198.070374,54098.81,-342.0,0,1
198.179721,54012.0,-341.5,0,1
198.277781,53966.5,-341.15,0,1
198.371686,53947.3,-345.25,0,1
198.472112,54011.48,-342.75,0,1
198.582848,54000.75,-345.55,0,1
198.674238,54004.95,-341.45,0,1
198.784551,54010.65,-342.2,0,1
198.882908,54020.26,-345.7,0,1
198.974149,54041.9,-343.7,0,1
199.072262,54052.89,-343.9,0,1
199.171184,53946.62,-343.65,0,1
199.278399,53943.62,-344.1,0,1
199.374889,53921.07,-349.6,0,1
199.469935,54305.62,-349.2,0,1
199.579034,55021.55,-348.9,0,1
199.677845,55367.56,-343.6,0,1
199.772389,55042.1,-340.6,0,1
199.869582,54227.1,-334.9,0,1
199.977925,53234.59,-334.3,0,1
200.086362,52342.43,-343.2,0,1
200.179678,51976.08,-341.95,0,1
200.277166,52028.34,-331.1,0,1
200.379473,51698.94,-346.25,0,1
200.474377,50785.5,-341.1,0,1
200.583532,49714.89,-900.1,0,1
200.679374,49966.45,-590.75,0,1
200.774862,49626.85,-539.25,0,1
200.886142,50393.87,-579.2,0,1
200.980721,51292.52,-554.65,0,1
201.077782,51909.01,-447.0,0,1
201.185733,51443.25,-508.1,0,1
201.274823,50672.44,-457.0,0,1
201.374713,49817.6,-453.7,0,1
201.472155,49062.06,-478.15,0,1
201.584383,48926.34,-506.25,0,1
201.676924,49238.25,-472.2,0,1
201.772587,49255.1,-506.4,0,1
201.883114,49338.79,-415.95,0,1
201.976703,49634.87,-503.8,0,1
202.086002,49627.41,-350.9,0,1
202.181945,49701.69,-331.0,0,1
202.278997,49847.61,-330.25,0,1
202.387187,49829.34,-331.4,0,1
202.476548,49871.17,-325.3,0,1
202.574765,49831.52,-328.0,0,1
202.672373,49758.55,-318.3,0,1
202.772621,49726.03,-323.6,0,1
202.879706,49798.28,-324.75,0,1
202.972108,49944.09,-325.25,0,1
203.071148,49917.57,-323.45,0,1
203.179678,49915.09,-324.85,0,1
203.270805,49894.84,-324.95,0,1
203.371076,49910.78,-325.4,0,1
203.478891,49915.58,-322.55,0,1
203.586752,50022.34,-321.65,0,1
203.675307,50003.66,-325.8,0,1
203.772719,50007.34,-325.8,0,1
203.868997,49988.21,-319.95,0,1
203.978874,49989.97,-323.2,0,1
204.076959,50002.73,-323.5,0,1
204.170617,49934.27,-316.4,0,1
204.280617,49981.79,-326.45,0,1
204.374992,50109.0,-326.2,0,1
204.470102,50105.55,-320.4,0,1
204.578997,50058.17,-319.15,0,1
204.677931,49959.43,-315.4,0,1
204.786678,49918.88,-314.15,0,1
204.87619,49947.02,-312.7,0,1
204.971514,49996.91,-312.45,0,1
205.08047,49957.82,-311.2,0,1
205.169235,50059.97,-310.35,0,1
205.277509,50023.47,-290.15,0,1
205.37272,50048.19,-269.9,0,1
205.482984,50183.46,-411.7,0,1
205.581604,50275.59,-356.1,0,1
205.674146,50394.25,-371.1,0,1
205.773905,50437.61,-298.05,0,1
205.884252,50018.52,-289.95,0,1
205.973655,49637.65,-497.75,0,1
206.071143,50399.54,-303.75,0,1
206.180418,54624.06,-426.15,0,1
206.278488,56303.5,-367.65,0,1
206.377232,57184.9,-461.35,0,1
206.471713,57385.41,-401.25,0,1
206.581834,57927.24,-454.1,0,1
206.677292,58666.61,-468.55,0,1
206.770051,58164.47,-350.3,0,1
206.878451,57809.56,-337.35,0,1
206.99028,57400.22,-333.7,0,1
207.069048,57398.12,-328.95,0,1
207.173517,57550.09,-304.95,0,1
207.272972,57918.69,-290.8,0,1
207.371366,57987.11,-419.8,0,1
207.469929,57994.39,-377.75,0,1
207.583142,58065.02,-417.85,0,1
207.672282,57951.92,-476.55,0,1
207.782525,57828.81,-377.6,0,1
207.87869,57750.97,-411.95,0,1
207.975534,57682.54,-439.55,0,1
208.078938,57603.88,-456.0,0,1
208.177333,57678.91,-487.55,0,1
208.28816,57748.53,-350.0,0,1
208.37833,57690.54,-326.15,0,1
208.47334,57619.19,-326.75,0,1
208.576494,57589.62,-320.35,0,1
208.669202,57662.93,-325.15,0,1
208.780456,57588.2,-321.4,0,1
208.875861,57629.88,-317.1,0,1
208.973897,57602.42,-320.1,0,1
209.088168,57622.6,-312.35,0,1
209.174883,57572.52,-308.85,0,1
209.28267,57553.09,-309.15,0,1
209.378164,57534.78,-306.7,0,1
209.471922,57506.5,-309.5,0,1
209.578918,57576.27,-304.75,0,1
209.675556,57639.59,-310.15,0,1
209.776049,57654.93,-308.4,0,1
209.874168,57689.11,-311.25,0,1
209.97107,57651.86,-308.65,0,1
210.082363,57599.3,-305.9,0,1
210.176603,57581.86,-301.35,0,1
210.271818,57568.58,-299.95,0,1
210.380179,57581.75,-295.95,0,1
210.474935,57616.48,-295.55,0,1
210.588138,57597.16,-296.2,0,1
210.669858,57592.03,-298.45,0,1
210.775842,57548.7,-298.6,0,1
210.873134,57476.11,-299.0,0,1
210.97263,57258.73,-303.45,0,1
211.081556,57416.66,-304.3,0,1
211.178162,57416.47,-305.6,0,1
211.276035,57372.58,-305.1,0,1
211.384338,57498.06,-308.15,0,1
211.479077,57669.12,-306.6,0,1
211.571464,57685.39,-305.05,0,1
211.682916,57599.98,-306.4,0,1
211.780465,57339.83,-305.7,0,1
211.871641,56211.3,-300.6,0,1
211.979569,55870.12,-300.85,0,1
212.074918,55893.04,-282.35,0,1
212.179327,55783.73,-159.8,0,1
212.272673,54967.3,-377.0,0,1
212.376177,53530.12,-386.35,0,1
212.478302,54165.36,-379.15,0,1
212.573988,54377.04,-418.7,0,1
212.683621,54450.04,-412.9,0,1
212.777714,54630.55,-471.65,0,1
212.875702,54616.75,-451.7,0,1
212.983887,54659.25,-491.7,0,1
213.073535,54597.05,-693.25,0,1
213.174607,54601.86,-452.3,0,1
213.276346,54521.99,-401.65,0,1
213.370369,54528.74,-483.2,0,1
213.470625,54463.28,-484.1,0,1
213.573139,54477.72,-442.0,0,1
213.682262,54462.76,-394.85,0,1
213.778045,54428.88,-469.0,0,1
213.874159,54461.18,-366.65,0,1
213.969819,54445.8,-473.9,0,1
214.076203,54468.05,-451.4,0,1
214.177458,54505.33,-398.6,0,1
214.286084,54563.4,-517.35,0,1
214.375108,54513.62,-449.9,0,1
214.471836,54449.18,-331.6,0,1
214.574149,54449.82,-467.6,0,1
214.670857,54433.5,-351.2,0,1
214.779806,54383.16,-400.15,0,1
214.873825,54394.33,-464.8,0,1
214.975333,54427.42,-302.45,0,1
215.08127,54401.69,-415.1,0,1
215.171948,54412.11,-367.05,0,1
215.283496,54390.32,-392.9,0,1
215.376026,54399.66,-330.1,0,1
215.475412,54335.36,-319.8,0,1
215.569668,54196.23,-329.9,0,1
215.675702,54226.88,-321.2,0,1
215.774475,54298.56,-325.2,0,1
215.874012,54332.93,-324.8,0,1
215.982759,54421.75,-288.05,0,1
216.077688,54424.34,-325.15,0,1
216.178156,54427.34,-374.95,0,1
216.28719,54442.57,-449.3,0,1
216.383492,54462.53,-504.15,0,1
216.479926,54437.96,-486.75,0,1
216.569942,54397.04,-335.55,0,1
216.672981,54371.45,-320.05,0,1
216.77494,54226.58,-307.3,0,1
216.871527,54223.91,-310.8,0,1
216.969737,54389.87,-312.25,0,1
217.080646,54545.17,-310.75,0,1
217.172775,54625.56,-307.8,0,1
217.27233,54659.14,-282.0,0,1
217.386272,54612.39,-283.15,0,1
217.476215,54550.2,-496.1,0,1
217.573142,54508.71,-364.15,0,1
217.681395,54446.59,-417.6,0,1
217.769127,54393.17,-403.25,0,1
217.878307,54422.54,-415.3,0,1
217.978464,54480.12,-421.85,0,1
218.074026,54551.55,-416.05,0,1
218.171752,54568.36,-422.05,0,1
218.270609,54531.55,-313.65,0,1
218.379993,54514.41,-297.65,0,1
218.477319,54568.8,-295.7,0,1
218.572126,54646.23,-293.4,0,1
218.672355,54674.74,-291.65,0,1
218.780037,54686.37,-296.0,0,1
218.870337,54664.91,-291.05,0,1
218.979605,54711.05,-289.3,0,1
219.07561,54725.05,-287.85,0,1
219.176999,54812.15,-285.2,0,1
219.272481,54743.77,-287.85,0,1
219.383023,54732.17,-286.7,0,1
219.481252,54651.0,-284.15,0,1
219.574427,54576.05,-285.5,0,1
219.68476,54589.02,-285.35,0,1
219.776223,54576.68,-286.2,0,1
219.880383,54621.81,-286.6,0,1
219.979841,54561.64,-285.6,0,1
220.071453,54517.04,-285.95,0,1
220.177674,54456.79,-288.05,0,1
220.274736,54393.85,-286.3,0,1
220.377968,54418.94,-288.85,0,1
220.471375,54450.41,-291.3,0,1
220.579577,54475.4,-293.3,0,1
220.676229,54600.84,-294.55,0,1
220.77578,54704.56,-299.45,0,1
220.885039,54707.75,-297.3,0,1
220.975563,54632.24,-295.25,0,1
221.074584,54547.76,-299.65,0,1
221.177328,54435.07,-297.1,0,1
221.270695,54438.3,-294.7,0,1
221.378573,54567.61,-259.3,0,1
221.477463,54636.07,-293.05,0,1
221.578197,54734.61,-378.8,0,1
221.674273,54714.73,-459.35,0,1
221.770967,54698.9,-440.5,0,1
221.870161,54657.9,-282.65,0,1
221.980524,54665.62,-448.85,0,1
222.075765,54690.23,-436.8,0,1
222.172839,54633.74,-308.3,0,1
222.270987,54630.89,-290.95,0,1
222.370947,54650.73,-293.2,0,1
222.474178,54644.84,-291.8,0,1
222.572328,54672.87,-297.25,0,1
222.669513,54734.39,-293.4,0,1
222.780586,54716.34,-288.85,0,1
222.873175,54653.29,-285.25,0,1
222.980203,54621.85,-282.0,0,1
223.079089,54667.2,-282.0,0,1
223.177325,54620.68,-277.15,0,1
223.282801,54595.55,-281.5,0,1
223.381032,54540.07,-280.0,0,1
223.47078,54479.04,-277.7,0,1
223.569252,54478.66,-278.35,0,1
223.669737,54443.02,-272.55,0,1
223.775681,54474.35,-274.8,0,1
223.874083,54491.04,-273.8,0,1
223.983015,54489.65,-268.9,0,1
224.081905,54374.64,-272.45,0,1
224.17585,54437.85,-270.45,0,1
224.2844,54420.71,-269.3,0,1
224.375974,54422.84,-270.45,0,1
224.483558,54391.71,-273.0,0,1
224.585639,54440.66,-272.45,0,1
224.67365,54414.33,-273.55,0,1
224.780056,54418.42,-275.35,0,1
224.879907,54502.0,-276.65,0,1
224.978184,54619.22,-281.2,0,1
225.07516,54689.93,-284.65,0,1
225.172453,54702.57,-289.2,0,1
225.281622,54707.6,-290.8,0,1
225.380591,54707.11,-289.05,0,1
225.473192,54723.06,-286.25,0,1
225.570801,54673.8,-291.35,0,1
225.680278,54660.64,-286.35,0,1
225.774178,54702.27,-289.35,0,1
225.87961,54754.23,-291.05,0,1
225.977678,54797.3,-290.75,0,1
226.080126,54717.47,-293.45,0,1
226.176095,54569.71,-291.75,0,1
226.269643,54489.84,-290.3,0,1
226.379382,54518.2,-289.2,0,1
226.480322,54663.37,-295.65,0,1
226.571358,54660.79,-290.4,0,1
226.679756,54637.38,-292.1,0,1
226.789874,54597.54,-292.6,0,1
226.887101,54549.11,-289.45,0,1
226.970407,54543.45,-287.3,0,1
227.075268,54605.12,-284.8,0,1
227.17128,54524.88,-293.5,0,1
227.27266,54538.61,-290.25,0,1
227.378436,54544.65,-287.15,0,1
227.473348,54632.12,-284.3,0,1
227.571832,54668.03,-283.15,0,1
227.679372,54622.71,-279.7,0,1
227.7712,54586.89,-283.8,0,1
227.878937,54553.73,-279.35,0,1
227.975837,54530.88,-278.3,0,1
228.086146,54556.43,-277.5,0,1
228.178566,54500.87,-275.6,0,1
228.274471,54590.3,-279.5,0,1
228.370958,54609.62,-280.05,0,1
228.469448,54542.1,-280.3,0,1
228.58111,54539.7,-277.8,0,1
228.673934,54489.92,-282.4,0,1
228.771299,54527.05,-286.4,0,1
228.879483,54447.37,-285.85,0,1
228.973259,54316.31,-287.75,0,1
229.082929,54245.11,-290.15,0,1
229.178199,54202.76,-292.2,0,1
229.28884,54240.12,-294.4,0,1
229.368787,54331.73,-299.65,0,1
229.478192,54344.93,-300.25,0,1
229.577692,54275.61,-299.45,0,1
229.674383,54287.61,-297.2,0,1
229.783079,54275.72,-297.65,0,1
229.879189,54342.19,-307.4,0,1
229.97559,54514.52,-304.35,0,1
230.070609,54593.26,-304.9,0,1
230.171155,54287.12,-290.75,0,1
230.28063,53871.89,-286.25,0,1
230.36852,54028.89,-282.9,0,1
230.475392,54296.99,-291.5,0,1
230.579513,54630.14,-297.45,0,1
230.673886,54739.82,-297.1,0,1
230.770895,54688.36,-295.1,0,1
230.878778,54534.29,-308.1,0,1
230.973762,54409.19,-305.6,0,1
231.071905,54020.59,-303.25,0,1
231.180625,53636.62,-298.7,0,1
231.275818,53484.16,-294.4,0,1
231.374084,53641.16,-299.25,0,1
231.481432,53971.41,-303.25,0,1
231.569917,54103.05,-301.05,0,1
231.671429,54209.85,-303.0,0,1
231.767745,54186.36,-298.4,0,1
231.878709,54044.57,-297.5,0,1
231.978413,53932.18,-298.05,0,1
232.071626,53917.92,-294.75,0,1
232.168772,54177.7,-287.5,0,1
232.278249,54196.68,-291.0,0,1
232.36973,54303.7,-289.3,0,1
232.468815,54274.07,-288.2,0,1
232.590162,54207.82,-284.95,0,1
232.669362,54234.23,-283.95,0,1
232.773323,54201.78,-282.1,0,1
232.874664,54146.71,-281.9,0,1
232.973689,54115.61,-285.0,0,1
233.071958,54146.07,-286.35,0,1
233.169097,54231.19,-285.5,0,1
233.280652,54205.76,-288.3,0,1
233.376173,54193.83,-284.15,0,1
233.470924,54213.52,-287.9,0,1
233.56842,54145.18,-290.1,0,1
233.675545,54121.36,-288.35,0,1
233.782513,54087.52,-283.9,0,1
233.871395,54051.54,-288.45,0,1
233.970024,54032.26,-290.05,0,1
234.068143,54034.59,-288.8,0,1
234.168682,54054.43,-295.45,0,1
234.275856,54058.33,-294.3,0,1
234.372931,54103.98,-291.8,0,1
234.473475,54085.38,-291.9,0,1
234.582114,54123.38,-291.1,0,1
234.674758,54114.71,-297.95,0,1
234.775338,54064.71,-299.15,0,1
234.88134,54064.37,-300.3,0,1
234.969837,54107.62,-297.0,0,1
235.069933,54105.3,-294.75,0,1
235.176306,54106.8,-294.6,0,1
235.272439,53999.18,-294.55,0,1
235.372879,53986.05,-293.85,0,1
235.480175,54034.1,-293.85,0,1
235.579276,54088.49,-302.2,0,1
235.678524,54093.18,-303.15,0,1
235.785178,54102.56,-304.55,0,1
235.884704,54047.79,-297.5,0,1
235.973666,54040.03,-297.55,0,1
236.082886,54042.8,-295.75,0,1
236.172875,54049.03,-292.65,0,1
236.272934,54062.95,-295.05,0,1
236.379712,54194.43,-296.0,0,1
236.474472,54472.1,-289.6,0,1
236.572492,54639.78,-300.75,0,1
236.675708,54521.69,-300.5,0,1
236.777452,54548.47,-298.65,0,1
236.870608,54708.02,-300.85,0,1
236.969971,54781.84,-299.45,0,1
237.077287,54936.05,-307.6,0,1
237.171246,54981.33,-305.4,0,1
237.280534,54641.43,-300.95,0,1
237.374568,54572.11,-292.85,0,1
237.48486,54620.35,-287.7,0,1
237.572561,54694.14,-293.25,0,1
237.670599,54799.02,-294.85,0,1
237.771238,54966.89,-302.4,0,1
237.868173,54848.27,-294.4,0,1
237.977214,54812.64,-296.85,0,1
238.076018,54817.81,-298.4,0,1
238.183245,54797.56,-297.3,0,1
238.2805,54695.9,-299.4,0,1
238.374336,54679.84,-298.55,0,1
238.48105,54724.37,-302.7,0,1
238.569277,54695.22,-302.5,0,1
238.669168,54712.96,-299.55,0,1
238.775666,54649.16,-302.8,0,1
238.872987,54629.57,-293.75,0,1
238.972071,54689.6,-303.75,0,1
239.070081,54667.24,-305.25,0,1
239.178777,54693.31,-303.25,0,1
239.275263,54328.31,-304.05,0,1
239.374418,54116.55,-301.05,0,1
239.48146,54015.91,-294.5,0,1
239.575184,54162.8,-299.05,0,1
239.67455,54187.41,-299.35,0,1
239.777637,54320.21,-302.45,0,1
239.873001,54351.76,-304.8,0,1
239.974804,54329.32,-307.6,0,1
240.086934,54291.59,-308.5,0,1
240.174179,54315.14,-305.35,0,1
240.26914,54357.05,-305.6,0,1
240.379339,54248.48,-303.4,0,1
240.474805,54202.76,-304.45,0,1
240.570933,54255.09,-309.7,0,1
240.669298,54307.42,-305.0,0,1
240.780694,54365.04,-308.2,0,1
240.878196,54309.67,-307.85,0,1
240.980984,54352.73,-312.75,0,1
241.074601,54258.05,-307.75,0,1
241.169225,54283.52,-311.4,0,1
241.280179,54352.77,-308.6,0,1
241.367932,54350.71,-311.3,0,1
241.468112,54328.72,-312.5,0,1
241.570319,54340.2,-309.55,0,1
241.674716,54303.96,-311.55,0,1
241.774935,54294.51,-307.25,0,1
241.880525,54315.63,-312.1,0,1
241.977109,54328.95,-312.5,0,1
242.075375,54333.6,-313.45,0,1
242.185191,54340.88,-311.95,0,1
242.275743,54271.07,-315.35,0,1
242.373126,54204.71,-312.15,0,1
242.479578,54247.62,-312.95,0,1
242.570691,54314.36,-315.25,0,1
242.675415,54364.55,-317.05,0,1
242.778119,54408.81,-314.65,0,1
242.875735,54404.12,-315.25,0,1
242.971278,54364.36,-311.1,0,1
243.079212,54442.05,-309.05,0,1
243.174293,54427.27,-306.7,0,1
243.273705,54268.25,-305.2,0,1
243.382324,54032.11,-307.75,0,1
243.473348,54111.34,-310.8,0,1
243.576137,54340.46,-310.55,0,1
243.684444,54395.8,-313.2,0,1
243.777064,54416.46,-314.65,0,1
243.882702,54333.82,-309.0,0,1
243.970701,54261.73,-312.85,0,1
244.078521,54185.31,-310.65,0,1
244.169219,54198.37,-313.7,0,1
244.28244,54269.71,-319.55,0,1
244.372206,54219.45,-314.95,0,1
244.4751,54239.59,-316.05,0,1
244.578739,54208.08,-313.6,0,1
244.674198,54283.11,-318.65,0,1
244.788096,54234.87,-312.95,0,1
244.870692,54197.43,-315.75,0,1
244.977994,54238.47,-316.6,0,1
245.075148,54248.82,-319.25,0,1
245.178531,54273.13,-317.65,0,1
245.280495,54273.88,-315.55,0,1
245.374864,54306.07,-317.95,0,1
245.482974,54153.05,-319.15,0,1
245.579614,54195.29,-316.75,0,1
245.67589,54152.0,-323.1,0,1
245.774656,53926.1,-317.85,0,1
245.877182,53656.23,-321.25,0,1
245.984788,53510.84,-317.9,0,1
246.071304,52850.76,-307.7,0,1
246.170639,52738.75,-305.4,0,1
246.279374,52726.63,-306.8,0,1
246.379508,52722.24,-299.85,0,1
246.478887,52847.12,-300.1,0,1
246.574204,53030.11,-295.7,0,1
246.669048,53147.56,-300.05,0,1
246.77884,53483.11,-299.95,0,1
246.877254,53658.86,-298.65,0,1
246.974523,53785.95,-305.95,0,1
247.067944,53945.5,-307.25,0,1
247.168489,54101.59,-311.1,0,1
247.2787,54198.03,-314.0,0,1
247.375516,54236.48,-307.75,0,1
247.474726,54124.84,-301.7,0,1
247.575484,54067.45,-302.4,0,1
247.676881,54102.41,-295.2,0,1
247.773886,54251.67,-292.2,0,1
247.876044,54265.4,-289.55,0,1
247.984915,54284.87,-273.05,0,1
248.06918,54261.16,-263.9,0,1
248.177897,54249.09,-271.45,0,1
248.284391,54231.15,-270.95,0,1
248.371773,54315.89,-267.7,0,1
248.479117,54340.35,-265.05,0,1
248.573485,54306.67,-263.85,0,1
248.668167,54337.05,-266.75,0,1
248.774707,54354.16,-267.0,0,1
248.872736,54303.44,-267.9,0,1
248.969092,54339.04,-268.65,0,1
249.08108,54405.14,-270.9,0,1
249.173323,54521.02,-271.85,0,1
249.272858,54556.57,-268.55,0,1
249.377605,54420.37,-264.25,0,1
249.485042,54353.71,-271.65,0,1
249.574203,54316.42,-268.5,0,1
249.672732,54423.89,-269.75,0,1
249.768927,54444.23,-272.95,0,1
249.869854,54433.05,-271.05,0,1
249.977873,54505.56,-267.9,0,1
250.075932,54571.43,-269.2,0,1
250.173219,54616.6,-268.85,0,1
250.280334,54597.84,-261.9,0,1
250.371816,54488.23,-265.65,0,1
250.471174,54357.8,-262.7,0,1
250.579633,54248.63,-263.05,0,1
250.687902,54318.71,-266.6,0,1
250.775596,54395.23,-268.65,0,1
250.877638,54409.27,-271.65,0,1
250.977914,54403.9,-267.95,0,1
251.069716,54392.54,-271.55,0,1
251.181829,54703.18,-271.0,0,1
251.277142,54647.66,-269.95,0,1
251.37421,54631.45,-271.1,0,1
251.483049,54639.86,-269.85,0,1
251.578928,54640.04,-270.15,0,1
251.67254,54763.83,-273.4,0,1
251.781664,55060.86,-268.95,0,1
251.867999,54958.0,-272.25,0,1
251.979109,54920.56,-272.85,0,1
252.075225,55084.3,-276.45,0,1
252.176173,55186.53,-269.3,0,1
252.271796,55178.5,-269.8,0,1
252.368074,55082.54,-268.95,0,1
252.479105,54912.8,-271.35,0,1
252.574839,54850.19,-266.3,0,1
252.684311,54825.84,-269.0,0,1
252.776194,54866.17,-271.6,0,1
252.872792,54802.13,-271.65,0,1
252.972101,54761.13,-273.8,0,1
253.069312,54774.94,-273.45,0,1
253.179458,54765.11,-272.6,0,1
253.279361,54762.03,-270.85,0,1
253.368941,54732.06,-273.9,0,1
253.476253,54757.72,-273.35,0,1
253.574186,54714.99,-272.6,0,1
253.674089,54841.97,-268.3,0,1
253.778919,54905.41,-265.0,0,1
253.873446,54834.81,-262.75,0,1
253.97114,54762.97,-261.3,0,1
254.068917,54727.26,-265.15,0,1
254.178657,54757.38,-263.0,0,1
254.277081,54809.94,-258.65,0,1
254.374832,54871.12,-263.1,0,1
254.473775,54746.09,-258.15,0,1
254.577096,54607.74,-263.15,0,1
254.669163,54597.43,-270.1,0,1
254.77949,54701.26,-272.3,0,1
254.877635,54623.27,-263.95,0,1
254.968966,54632.84,-264.1,0,1
255.076311,54720.43,-268.95,0,1
255.174542,54744.78,-270.95,0,1
255.280122,54749.8,-272.45,0,1
255.368278,54820.59,-273.9,0,1
255.478225,54762.37,-270.75,0,1
255.57746,54755.73,-272.35,0,1
255.673659,54715.29,-277.85,0,1
255.773147,54675.49,-276.95,0,1
255.879774,54670.13,-273.7,0,1
255.976196,54652.98,-276.2,0,1
256.075055,54720.21,-276.1,0,1
256.186651,54879.64,-282.15,0,1
256.281667,54719.76,-280.8,0,1
256.376148,54635.16,-274.55,0,1
256.483086,54513.62,-270.55,0,1
256.570363,54651.6,-279.5,0,1
256.678518,54777.64,-277.35,0,1
256.777999,55425.78,-292.05,0,1
256.874511,56644.83,-293.65,0,1
256.972936,57340.88,-308.05,0,1
257.069188,57937.97,-309.5,0,1
257.175855,58333.95,-290.8,0,1
257.274624,58104.56,-299.1,0,1
257.381909,58164.88,-302.1,0,1
257.474833,58645.01,-305.0,0,1
257.572188,58114.99,-299.45,0,1
257.678496,57753.22,-307.15,0,1
257.769731,57840.14,-308.2,0,1
257.874202,58067.65,-303.25,0,1
257.97352,58299.4,-309.65,0,1
258.072788,58290.81,-306.85,0,1
258.170609,58621.94,-307.0,0,1
258.280623,58599.24,-312.4,0,1
258.37844,58702.36,-309.1,0,1
258.476681,58873.57,-309.4,0,1
258.573861,58613.23,-306.1,0,1
258.669467,58566.79,-309.1,0,1
258.776361,58514.54,-305.8,0,1
258.881813,58473.76,-308.0,0,1
258.97093,58500.17,-306.2,0,1
259.068155,58510.3,-306.15,0,1
259.179689,58619.57,-309.45,0,1
259.278451,58720.59,-306.15,0,1
259.375231,58738.56,-304.3,0,1
259.468978,58700.56,-297.85,0,1
259.578084,58466.75,-300.75,0,1
259.675324,58381.82,-299.35,0,1
259.768458,58249.66,-303.75,0,1
259.873261,58243.73,-299.1,0,1
259.973005,58331.66,-304.05,0,1
260.080736,58274.8,-304.15,0,1
260.170244,58308.63,-306.45,0,1
260.277804,58370.23,-303.95,0,1
260.376991,58350.23,-305.55,0,1
260.474772,58309.95,-305.35,0,1
260.576676,58288.07,-306.5,0,1
260.672571,58300.83,-305.5,0,1
260.768474,58285.9,-308.25,0,1
260.879344,58357.89,-305.45,0,1
260.968861,58381.67,-305.85,0,1
261.069219,58382.01,-304.25,0,1
261.190939,58389.58,-303.8,0,1
261.285361,58416.44,-304.55,0,1
261.372189,58408.83,-307.4,0,1
261.470472,58433.92,-306.55,0,1
261.572179,58390.07,-303.1,0,1
261.669472,58298.28,-301.95,0,1
261.777725,58212.86,-301.15,0,1
261.877255,58217.48,-300.7,0,1
261.981919,58374.24,-305.4,0,1
262.077126,58378.55,-307.9,0,1
262.171181,58412.65,-307.6,0,1
262.268783,58424.47,-305.45,0,1
262.389604,58399.6,-304.35,0,1
262.487442,58419.55,-302.95,0,1
262.574291,58442.55,-301.35,0,1
262.676673,58451.33,-301.2,0,1
262.770995,58640.62,-295.75,0,1
262.869406,58380.69,-291.85,0,1
262.978226,58472.97,-291.9,0,1
263.072928,58127.3,-291.3,0,1
263.173985,58106.66,-282.95,0,1
263.282208,58023.35,-282.75,0,1
263.371634,57871.54,-284.35,0,1
263.470422,57559.09,-292.25,0,1
263.579561,57397.45,-282.35,0,1
263.66777,56747.99,-258.65,0,1
263.776967,58862.32,-348.0,0,1
263.877606,57673.2,-422.45,0,1
263.969448,58635.18,-263.15,0,1
264.068218,58233.83,-392.0,0,1
264.168344,58930.37,-440.15,0,1
264.274513,58628.69,-433.9,0,1
264.372902,57908.37,-391.8,0,1
264.481537,57520.27,-553.85,0,1
264.575495,57497.27,-337.55,0,1
264.673407,57739.68,-567.7,0,1
264.772532,57984.6,-508.2,0,1
264.872305,58284.73,-244.0,0,1
264.969314,58070.57,-387.65,0,1
265.079472,57307.64,-410.15,0,1
265.169749,57113.74,-397.8,0,1
265.275571,56877.82,-499.85,0,1
265.373401,56630.39,-454.8,0,1
265.47224,56096.66,-470.5,0,1
265.582951,55891.69,-447.7,0,1
265.672595,55621.11,-446.05,0,1
265.773108,54925.4,-449.1,0,1
265.880662,54734.91,-466.05,0,1
265.968247,54237.16,-449.0,0,1
266.074398,52108.43,-465.5,0,1
266.173984,50727.77,-489.4,0,1
266.273361,50355.3,-482.95,0,1
266.369644,49978.79,-481.15,0,1
266.478935,50141.11,-499.1,0,1
266.570468,50264.53,-436.6,0,1
266.671982,50450.66,-341.95,0,1
266.780824,50632.86,-555.85,0,1
266.876366,50933.08,-254.5,0,1
266.972162,51173.01,-704.3,0,1
267.080226,51462.23,-642.1,0,1
267.169227,51433.54,-507.95,0,1
267.278219,51305.99,-492.7,0,1
267.373377,51219.37,-584.35,0,1
267.472198,51216.37,-463.05,0,1
267.571094,51318.67,-552.75,0,1
267.678818,51551.7,-425.4,0,1
267.779707,51532.0,-391.0,0,1
267.871219,51489.39,-458.35,0,1
267.980864,51496.78,-319.5,0,1
268.076508,51515.09,-346.0,0,1
268.172309,51577.88,-352.15,0,1
268.278434,51564.49,-370.45,0,1
268.368054,51522.18,-462.25,0,1
268.468124,51583.7,-383.5,0,1
268.578712,51594.91,-310.85,0,1
268.67319,51624.25,-386.4,0,1
268.772451,51814.1,-328.85,0,1
268.87455,52074.74,-357.0,0,1
268.975173,52343.44,-403.55,0,1
269.071158,52541.73,-471.25,0,1
269.184435,52821.32,-408.3,0,1
269.279642,52953.02,-415.85,0,1
269.373882,53004.83,-517.4,0,1
269.481883,52949.12,-660.35,0,1
269.569952,52816.14,-631.95,0,1
269.671831,52746.4,-492.6,0,1
269.768215,52710.65,-398.75,0,1
269.867815,52713.62,-519.35,0,1
269.97816,52790.41,-451.15,0,1
270.0737,52798.54,-548.7,0,1
270.175018,52761.11,-401.05,0,1
270.27962,52723.82,-505.95,0,1
270.372398,52743.78,-444.55,0,1
270.470511,52714.25,-441.35,0,1
270.578945,52748.2,-374.6,0,1
270.668755,52710.88,-419.55,0,1
270.774443,52737.4,-399.8,0,1
270.871794,52748.65,-351.15,0,1
270.98115,52764.37,-433.65,0,1
271.074157,52655.06,-424.1,0,1
271.168628,52504.89,-441.55,0,1
271.277102,52283.64,-420.45,0,1
271.377159,52257.05,-355.0,0,1
271.472195,52011.64,-454.4,0,1
271.568605,53167.82,-342.9,0,1
271.676271,54338.78,-453.8,0,1
271.785361,56173.9,-416.9,0,1
271.876736,57242.41,-484.8,0,1
271.969682,57847.9,-396.3,0,1
272.073169,58064.05,-434.6,0,1
272.169157,58318.84,-474.15,0,1
272.267551,58106.06,-337.2,0,1
272.379114,57960.25,-293.15,0,1
272.476292,58042.55,-331.85,0,1
272.569136,58172.91,-424.75,0,1
272.679885,58180.19,-461.35,0,1
272.775717,58044.66,-475.65,0,1
272.883536,58011.72,-394.85,0,1
272.976559,57932.61,-353.45,0,1
273.073099,57886.35,-350.35,0,1
273.178409,57920.04,-329.4,0,1
273.266953,57953.2,-529.8,0,1
273.373309,57895.43,-486.7,0,1
273.467159,57939.43,-308.95,0,1
273.58085,57915.69,-477.05,0,1
273.675696,57829.22,-429.95,0,1
273.772801,58140.05,-488.3,0,1
273.879078,58613.8,-356.95,0,1
273.977728,58486.14,-482.05,0,1
274.084592,57906.31,-567.4,0,1
274.176715,57041.49,-495.85,0,1
274.273614,56230.73,-347.45,0,1
274.370519,55500.43,-464.15,0,1
274.471567,55312.08,-379.0,0,1
274.576832,54623.09,-369.0,0,1
274.67492,54070.3,-436.6,0,1
274.776597,52668.15,-275.7,0,1
274.880479,52218.82,-337.4,0,1
274.980202,51645.74,-333.45,0,1
275.075707,51562.24,-281.85,0,1
275.178088,51916.51,-271.05,0,1
275.274142,52242.98,-265.7,0,1
275.377172,52183.34,-262.7,0,1
275.470033,52156.29,-264.15,0,1
275.568686,52246.62,-262.15,0,1
275.672652,52370.79,-260.75,0,1
275.775686,52487.38,-264.45,0,1
275.873982,52564.88,-263.4,0,1
275.976637,52472.52,-262.4,0,1
276.079332,52442.96,-262.4,0,1
276.168872,52485.05,-262.55,0,1
276.268048,52449.27,-262.8,0,1
276.374884,52509.25,-265.0,0,1
276.484019,52506.77,-260.3,0,1
276.57582,52462.05,-260.6,0,1
276.671013,52532.13,-262.05,0,1
276.769158,52553.06,-261.15,0,1
276.86881,52569.3,-259.6,0,1
276.981283,52546.05,-260.95,0,1
277.080905,52550.02,-265.25,0,1
277.172563,52381.7,-260.15,0,1
277.282095,52653.33,-263.45,0,1
277.374831,52924.36,-261.95,0,1
277.473673,53091.74,-262.15,0,1
277.56982,53307.93,-256.6,0,1
277.669474,53783.07,-253.2,0,1
277.774169,54233.11,-256.75,0,1
277.867112,54895.39,-379.65,0,1
277.977306,54967.41,-312.65,0,1
278.075273,55160.64,-364.0,0,1
278.174874,55747.12,-354.75,0,1
278.270491,56363.04,-409.4,0,1
278.382041,57136.51,-360.4,0,1
278.472322,57810.5,-316.9,0,1
278.573074,57873.71,-447.55,0,1
278.6787,58074.74,-425.35,0,1
278.770539,58027.14,-296.8,0,1
278.876418,57428.1,-286.6,0,1
278.976658,57325.8,-279.95,0,1
279.078368,57178.52,-276.55,0,1
279.170141,56395.6,-290.8,0,1
279.268523,55920.95,-279.8,0,1
279.377936,54578.26,-269.6,0,1
279.477109,52643.99,-267.1,0,1
279.572406,51440.02,-277.6,0,1
279.676681,51475.06,-247.9,0,1
279.77706,52563.49,-307.7,0,1
279.877208,52812.43,-392.75,0,1
279.96824,52783.73,-380.1,0,1
280.071504,52751.36,-450.5,0,1
280.170392,52915.59,-283.15,0,1
280.26844,53024.04,-409.9,0,1
280.37664,53172.92,-307.95,0,1
280.47216,53069.09,-470.8,0,1
280.572786,52992.07,-374.35,0,1
280.684408,52807.7,-287.1,0,1
280.773232,52682.18,-277.9,0,1
280.872891,52700.9,-279.0,0,1
280.970011,53314.72,-279.85,0,1
281.068936,53832.7,-284.4,0,1
281.167753,54265.18,-302.25,0,1
281.278131,55112.66,-291.6,0,1
281.367332,56149.96,-292.4,0,1
281.474459,57172.64,-292.1,0,1
281.570263,57928.37,-299.25,0,1
281.682754,58631.8,-294.5,0,1
281.783876,58885.54,-288.2,0,1
281.870968,59016.2,-280.9,0,1
281.968908,58990.16,-286.65,0,1
282.077576,58829.27,-294.75,0,1
282.184927,58805.97,-298.1,0,1
282.272785,58698.5,-290.7,0,1
282.370951,58702.59,-292.05,0,1
282.46847,58770.52,-290.95,0,1
282.566793,58710.47,-288.55,0,1
282.675816,58656.94,-290.6,0,1
282.768931,58526.8,-294.4,0,1
282.881867,58375.82,-290.05,0,1
282.977832,58329.79,-292.65,0,1
283.07037,58353.23,-291.7,0,1
283.167808,58344.12,-291.5,0,1
283.274812,58244.45,-294.95,0,1
283.379518,58185.07,-298.75,0,1
283.470522,58207.35,-298.5,0,1
283.569389,58248.69,-298.8,0,1
283.677559,58253.86,-297.9,0,1
283.774381,58312.08,-296.65,0,1
283.873266,58299.82,-299.6,0,1
283.971135,58266.5,-301.7,0,1
284.070243,58310.47,-292.5,0,1
284.173973,58583.19,-288.45,0,1
284.274915,58383.28,-290.85,0,1
284.384131,57575.33,-286.5,0,1
284.475022,56569.24,-261.55,0,1
284.574851,55456.84,-263.35,0,1
284.669853,54513.77,-262.5,0,1
284.769634,53083.94,-242.55,0,1
284.872899,51649.04,-249.7,0,1
284.967711,51326.89,-263.3,0,1
285.072795,51006.04,-255.7,0,1
285.170849,50831.27,-251.8,0,1
285.267775,50468.11,-253.25,0,1
285.378544,50657.7,-255.55,0,1
285.476105,50979.82,-261.55,0,1
285.585601,51015.49,-263.7,0,1
285.67438,51071.61,-260.2,0,1
285.774883,51127.47,-262.65,0,1
285.872283,51105.97,-261.35,0,1
285.97085,51144.42,-264.25,0,1
286.067311,51045.32,-264.5,0,1
286.177212,51073.34,-260.25,0,1
286.274715,51088.72,-261.45,0,1
286.373438,51137.6,-259.6,0,1
286.473173,51151.4,-258.6,0,1
286.576102,51100.5,-257.2,0,1
286.679005,51149.19,-259.1,0,1
286.768506,51189.06,-260.8,0,1
286.876223,51231.53,-260.25,0,1
286.97478,51206.7,-258.1,0,1
287.071619,51181.41,-260.85,0,1
287.177803,51141.84,-257.5,0,1
287.270293,51120.53,-258.95,0,1
287.368541,51180.36,-259.15,0,1
287.467957,51244.17,-257.0,0,1
287.577127,51286.79,-260.55,0,1
287.674563,51288.36,-260.2,0,1
287.770736,51257.41,-263.15,0,1
287.883683,51225.34,-263.55,0,1
287.974486,51231.34,-258.7,0,1
288.075362,51246.98,-261.1,0,1
288.182198,51247.92,-260.05,0,1
288.269616,51166.67,-261.75,0,1
288.367289,51234.75,-261.25,0,1
288.473837,51217.5,-258.35,0,1
288.572155,51328.23,-259.85,0,1
288.672568,51320.96,-258.4,0,1
288.768368,51232.73,-257.4,0,1
288.880777,51202.53,-260.7,0,1
288.973355,51171.39,-263.5,0,1
289.081478,51230.03,-260.25,0,1
289.173483,51269.08,-266.6,0,1
289.269374,51332.18,-263.45,0,1
289.380789,51249.83,-259.9,0,1
289.487842,50926.47,-254.05,0,1
289.573154,50591.71,-246.1,0,1
289.672971,50638.53,-245.05,0,1
289.770382,51390.8,-272.2,0,1
289.871521,54225.19,-288.25,0,1
289.970196,54994.16,-282.05,0,1
290.078998,55827.02,-277.5,0,1
290.175374,56352.98,-284.55,0,1
290.283056,57377.87,-284.6,0,1
290.378016,58355.34,-297.4,0,1
290.474563,58208.47,-245.75,0,1
290.572863,58487.19,-398.15,0,1
290.671593,58557.08,-433.35,0,1
290.770105,58300.71,-443.5,0,1
290.866764,58076.09,-292.7,0,1
290.976557,57982.16,-333.15,0,1
291.074842,58001.89,-402.6,0,1
291.170173,57994.73,-235.2,0,1
291.280327,58100.44,-223.1,0,1
291.377053,58080.52,-222.95,0,1
291.483615,58086.55,-226.75,0,1
291.578629,57685.92,-228.8,0,1
291.674444,57354.54,-221.4,0,1
291.771075,56579.9,-214.4,0,1
291.869165,55853.95,-211.45,0,1
291.977518,55742.2,-215.5,0,1
292.076917,55992.37,-216.7,0,1
292.177081,56076.74,-214.9,0,1
292.270574,56099.4,-215.8,0,1
292.367405,56077.04,-214.75,0,1
292.477519,55762.98,-213.7,0,1
292.575014,55797.5,-213.75,0,1
292.668648,55636.38,-212.6,0,1
292.775443,55643.47,-215.55,0,1
292.872723,55768.23,-211.5,0,1
292.976832,55860.37,-214.7,0,1
293.077556,55772.44,-212.5,0,1
293.17794,55711.11,-213.7,0,1
293.27758,55642.57,-210.95,0,1
293.373738,55620.47,-212.45,0,1
293.477195,55564.62,-212.2,0,1
293.570659,55601.49,-211.15,0,1
293.668643,55584.23,-213.55,0,1
293.77886,55532.96,-212.8,0,1
293.883361,55496.61,-213.25,0,1
293.976818,55547.59,-213.45,0,1
294.074823,55549.54,-212.15,0,1
294.168561,55558.5,-212.95,0,1
294.268898,55453.05,-211.8,0,1
294.368076,55449.27,-211.5,0,1
294.467404,55479.99,-211.75,0,1
294.577855,55483.7,-214.0,0,1
294.675363,55416.03,-210.9,0,1
294.77164,55267.11,-212.8,0,1
294.867474,55040.86,-210.65,0,1
294.976149,55129.73,-212.1,0,1
295.068341,55339.32,-206.55,0,1
295.175606,55160.49,-208.5,0,1
295.274074,55196.66,-213.95,0,1
295.380141,55081.71,-214.4,0,1
295.468377,55081.41,-211.65,0,1
295.569591,55377.2,-207.65,0,1
295.676386,55239.16,-213.45,0,1
295.773341,54725.72,-207.85,0,1
295.873627,54032.19,-204.55,0,1
295.968254,53793.61,-206.95,0,1
296.078272,53859.85,-214.65,0,1
296.178451,54090.11,-215.9,0,1
296.28411,53952.59,-219.3,0,1
296.375766,54329.66,-216.75,0,1
296.473994,54306.37,-217.1,0,1
296.582482,54591.99,-217.65,0,1
296.670192,54453.87,-216.2,0,1
296.778429,54532.34,-220.4,0,1
296.877424,54265.55,-220.75,0,1
296.971688,54153.43,-222.4,0,1
297.070937,54248.11,-222.2,0,1
297.168296,54217.57,-220.9,0,1
297.275112,54221.89,-228.8,0,1
297.373968,54404.61,-204.45,0,1
297.478648,55186.49,-207.1,0,1
297.574029,54498.02,-220.75,0,1
297.671871,53752.27,-227.95,0,1
297.769413,53564.59,-227.25,0,1
297.867676,53974.23,-216.2,0,1
297.974367,54495.99,-215.95,0,1
298.073265,54929.34,-220.1,0,1
298.171094,55228.8,-223.0,0,1
298.27014,55524.55,-218.65,0,1
298.367815,55647.45,-218.45,0,1
298.477369,55418.36,-216.2,0,1
298.576631,55248.12,-219.9,0,1
298.683855,55235.86,-223.65,0,1
298.775519,55459.7,-217.65,0,1
298.874483,55516.19,-214.8,0,1
298.980662,55305.78,-219.15,0,1
299.067752,55290.29,-222.75,0,1
299.178575,55642.68,-214.6,0,1
299.278231,56197.64,-213.95,0,1
299.366886,55109.51,-217.4,0,1
299.477111,54934.03,-217.7,0,1
299.576171,55071.51,-218.1,0,1
299.672782,55443.45,-218.1,0,1
299.767439,55718.95,-215.0,0,1
299.87872,55877.21,-218.2,0,1
299.975233,55670.25,-221.6,0,1
300.073604,54797.37,-230.6,0,1
300.173303,55274.46,-228.4,0,1
300.269142,56021.18,-211.0,0,1
300.377422,56178.62,-216.0,0,1
300.47459,56017.06,-220.95,0,1
300.575526,55541.77,-227.7,0,1
300.673531,55877.47,-226.15,0,1
300.770166,56019.34,-219.05,0,1
300.879577,55861.08,-223.6,0,1
300.969191,55806.2,-221.95,0,1
301.080185,55721.34,-221.85,0,1
301.187582,55689.87,-224.4,0,1
301.272773,54983.47,-232.2,0,1
301.377226,55232.03,-239.9,0,1
301.470751,56052.32,-223.75,0,1
301.570317,56521.75,-220.5,0,1
301.667863,56502.06,-211.1,0,1
301.780125,55925.9,-216.9,0,1
301.880146,55177.6,-215.75,0,1
301.975876,53930.64,-217.05,0,1
302.067684,54302.28,-220.95,0,1
302.173579,54724.22,-221.15,0,1
302.272212,54797.22,-217.0,0,1
302.378569,54912.91,-218.25,0,1
302.485819,54891.08,-215.7,0,1
302.573677,54519.74,-218.6,0,1
302.671032,54506.84,-221.7,0,1
302.774321,54636.93,-223.4,0,1
302.87112,54887.14,-227.6,0,1
302.976249,54937.29,-226.75,0,1
303.075418,54942.77,-226.25,0,1
303.173043,54956.91,-225.7,0,1
303.267941,55000.95,-228.15,0,1
303.37414,55178.57,-233.8,0,1
303.475053,55233.57,-230.6,0,1
303.581536,55426.87,-229.0,0,1
303.669881,55358.67,-231.65,0,1
303.772547,55178.61,-228.95,0,1
303.873657,54861.63,-230.9,0,1
303.972574,54788.25,-228.75,0,1
304.071341,54740.99,-226.2,0,1
304.17043,54724.48,-227.45,0,1
304.27744,54718.41,-228.8,0,1
304.377519,54736.15,-224.8,0,1
304.471668,54878.25,-227.05,0,1
304.577118,54854.77,-226.2,0,1
304.67506,54889.2,-226.45,0,1
304.771464,54911.41,-227.45,0,1
304.869368,54997.31,-227.55,0,1
304.969643,55106.59,-228.3,0,1
305.065848,55122.64,-226.4,0,1
305.176402,55171.93,-229.3,0,1
305.269661,55048.55,-228.4,0,1
305.373613,55002.45,-228.9,0,1
305.467967,54847.68,-226.55,0,1
305.574632,54812.64,-232.05,0,1
305.675179,55108.65,-224.25,0,1
305.782722,55456.13,-220.2,0,1
305.872616,55964.5,-231.1,0,1
305.972246,56307.37,-233.65,0,1
306.068126,56778.0,-235.1,0,1
306.170131,57272.2,-233.35,0,1
306.278291,56815.36,-213.55,0,1
306.372286,57056.91,-230.7,0,1
306.468145,56364.65,-239.25,0,1
306.56631,56282.8,-228.5,0,1
306.677466,56653.76,-233.45,0,1
306.768691,56563.95,-233.2,0,1
306.874447,56456.89,-230.2,0,1
306.971266,56594.75,-229.35,0,1
307.080843,56671.8,-233.0,0,1
307.173181,56628.81,-233.9,0,1
307.272391,56616.66,-235.95,0,1
307.389511,56421.97,-231.8,0,1
307.487812,56374.74,-231.25,0,1
307.576417,56190.59,-234.0,0,1
307.672778,56312.36,-230.8,0,1
307.768283,56282.57,-230.6,0,1
307.867853,56307.82,-226.95,0,1
307.974444,56374.44,-229.1,0,1
308.074678,56315.17,-229.45,0,1
308.172707,56282.01,-217.1,0,1
308.28195,56232.64,-194.8,0,1
308.373615,56053.67,-348.4,0,1
308.470911,55998.94,-400.6,0,1
308.579885,56088.48,-228.5,0,1
308.666384,56236.99,-164.3,0,1
308.770593,56272.22,-161.85,0,1
308.876263,56342.18,-166.85,0,1
308.969451,56352.23,-163.75,0,1
309.068516,56387.91,-163.55,0,1
309.175927,56265.99,-162.15,0,1
309.272564,56225.36,-162.3,0,1
309.370438,56102.89,-162.1,0,1
309.480425,56067.66,-162.9,0,1
309.574079,55857.78,-158.95,0,1
309.668379,55758.18,-155.45,0,1
309.77994,55774.84,-155.65,0,1
309.887914,55864.94,-156.35,0,1
309.976427,55948.11,-157.2,0,1
310.069949,56007.42,-156.8,0,1
310.168977,56024.9,-155.85,0,1
310.267363,56069.09,-156.25,0,1
310.378752,55994.59,-156.45,0,1
310.485361,56081.92,-156.05,0,1
310.572211,56109.37,-155.9,0,1
310.684468,56100.04,-156.0,0,1
310.773007,56075.12,-156.3,0,1
310.870128,56073.66,-156.25,0,1
310.966446,56007.15,-156.35,0,1
311.066642,55985.36,-156.5,0,1
311.176244,55992.19,-157.0,0,1
311.270039,56008.02,-157.6,0,1
311.369079,56041.44,-156.35,0,1
311.466172,55839.96,-155.65,0,1
311.567479,55748.39,-156.35,0,1
311.677258,55983.52,-156.4,0,1
311.778525,56474.75,-158.55,0,1
311.883801,56754.41,-151.75,0,1
311.97553,56997.04,-155.55,0,1
312.07255,57262.63,-156.45,0,1
312.168004,57420.52,-155.75,0,1
312.269749,57643.76,-157.85,0,1
312.376398,58008.68,-160.25,0,1
312.473636,58278.36,-168.0,0,1
312.573674,58123.99,-167.6,0,1
312.671508,57843.4,-137.3,0,1
312.766601,57124.17,-121.0,0,1
312.878545,56159.23,-146.75,0,1
312.971447,55070.5,-124.3,0,1
313.08606,54107.51,-121.8,0,1
313.174773,53672.07,-116.85,0,1
313.273119,52957.3,-116.05,0,1
313.381371,51611.83,-115.8,0,1
313.46881,51459.34,-116.05,0,1
313.567307,51472.59,-119.55,0,1
313.675989,51724.71,-121.95,0,1
313.775528,52067.27,-125.85,0,1
313.872804,52241.59,-123.65,0,1
313.97313,52422.82,-122.25,0,1
314.068803,52470.35,-122.4,0,1
314.178957,52542.63,-123.75,0,1
314.272895,52568.93,-125.45,0,1
314.370229,52511.68,-123.5,0,1
314.467615,52351.05,-122.05,0,1
314.576422,52424.99,-123.7,0,1
314.673886,52309.91,-125.6,0,1
314.773377,52068.25,-124.05,0,1
314.868511,52162.33,-128.9,0,1
314.969847,52328.85,-132.5,0,1
315.076289,52463.74,-132.1,0,1
315.176707,52616.61,-131.8,0,1
315.271705,52829.38,-132.2,0,1
315.383927,53019.87,-131.15,0,1
315.471749,53324.7,-135.15,0,1
315.570924,53965.19,-135.85,0,1
315.666483,54483.5,-135.25,0,1
315.76586,54811.48,-143.0,0,1
315.877263,54684.68,-151.5,0,1
315.977647,54786.57,-160.55,0,1
316.075522,54948.73,-175.25,0,1
316.173516,55346.48,-176.4,0,1
316.270439,55399.26,-179.95,0,1
316.371386,55480.62,-179.4,0,1
316.478624,55507.48,-174.4,0,1
316.575058,54933.09,-180.15,0,1
316.677198,54680.18,-180.8,0,1
316.785399,54197.13,-161.4,0,1
316.871372,53701.25,-147.4,0,1
316.968165,52752.07,-137.25,0,1
317.067043,51800.37,-130.45,0,1
317.177617,50182.52,-130.35,0,1
317.268417,50273.79,-133.05,0,1
317.375114,50655.22,-131.25,0,1
317.468594,50895.83,-130.1,0,1
317.579046,51120.08,-129.1,0,1
317.674117,51408.96,-129.0,0,1
317.767894,51473.86,-132.55,0,1
317.879834,51669.79,-136.5,0,1
317.973396,51764.13,-138.55,0,1
318.071417,51740.09,-140.7,0,1
318.170506,51622.22,-140.65,0,1
318.268951,51655.87,-139.75,0,1
318.367221,51679.13,-142.25,0,1
318.466863,51638.05,-146.15,0,1
318.568619,51594.01,-144.65,0,1
318.67101,51554.02,-138.45,0,1
318.773517,51478.85,-141.1,0,1
318.877241,51425.32,-138.9,0,1
318.970476,51435.0,-140.7,0,1
319.069909,51539.7,-141.8,0,1
319.176539,51610.41,-139.6,0,1
319.276246,51661.5,-139.45,0,1
319.365715,51638.09,-141.95,0,1
319.475562,51638.91,-144.65,0,1
319.57305,51661.65,-143.85,0,1
319.671391,51589.14,-142.0,0,1
319.778112,51513.73,-142.7,0,1
319.873727,51545.77,-141.7,0,1
319.973975,51614.68,-140.15,0,1
320.068322,51717.24,-142.95,0,1
320.179621,51717.17,-141.8,0,1
320.273614,51781.2,-139.3,0,1
320.369662,51932.19,-142.6,0,1
320.46771,52204.79,-147.7,0,1
320.566005,52858.45,-150.2,0,1
320.675694,53460.83,-146.95,0,1
320.775932,53527.3,-151.4,0,1
320.870117,54186.21,-162.7,0,1
320.968638,55502.95,-161.35,0,1
321.067976,55966.9,-181.15,0,1
321.171887,56352.38,-178.8,0,1
321.281845,56414.58,-184.7,0,1
321.37423,56502.21,-181.7,0,1
321.481235,56570.45,-180.05,0,1
321.583984,56807.37,-183.65,0,1
321.670429,57229.92,-177.25,0,1
321.77577,57659.7,-186.5,0,1
321.876012,57723.32,-189.3,0,1
321.972075,57752.32,-192.5,0,1
322.072648,57647.21,-197.35,0,1
322.171026,57649.64,-194.45,0,1
322.268902,57494.64,-188.5,0,1
322.383689,57571.28,-186.15,0,1
322.472088,57482.0,-181.85,0,1
322.571155,57305.8,-185.2,0,1
322.677585,57179.31,-186.65,0,1
322.767183,57040.7,-180.0,0,1
322.873679,56570.29,-178.6,0,1
322.969942,56288.09,-177.65,0,1
323.072607,56026.32,-181.65,0,1
323.170794,55909.96,-164.55,0,1
323.268891,55488.69,-139.5,0,1
323.36722,54548.59,-150.1,0,1
323.472761,53515.56,-149.0,0,1
323.5685,53530.38,-150.75,0,1
323.678076,53204.21,-154.15,0,1
323.773969,52930.33,-149.35,0,1
323.880169,52877.17,-145.0,0,1
323.967275,52910.97,-141.1,0,1
324.073863,52950.96,-142.6,0,1
324.171661,52905.61,-147.65,0,1
324.271531,52852.64,-148.7,0,1
324.371252,52605.09,-147.55,0,1
324.469037,52476.54,-145.6,0,1
324.578057,52571.59,-144.0,0,1
324.672864,52679.97,-147.5,0,1
324.783711,52843.86,-147.45,0,1
324.879348,52936.33,-147.45,0,1
324.973685,52960.45,-149.7,0,1
325.077276,53049.17,-149.9,0,1
325.171863,52929.05,-148.75,0,1
325.275311,53008.39,-151.15,0,1
325.373431,52935.84,-151.75,0,1
325.471859,52846.94,-148.35,0,1
325.569704,52607.64,-149.45,0,1
325.672232,52383.58,-153.8,0,1
325.776628,52462.28,-154.5,0,1
325.873865,52545.45,-155.8,0,1
325.968658,52498.14,-151.85,0,1
326.081508,52607.91,-152.45,0,1
326.186831,52897.69,-157.55,0,1
326.271558,53383.07,-161.75,0,1
326.370134,53837.57,-171.5,0,1
326.468963,54164.38,-177.45,0,1
326.56901,54488.79,-180.35,0,1
326.66695,55046.87,-163.95,0,1
326.772794,55346.14,-164.1,0,1
326.87127,55718.53,-165.65,0,1
326.970261,56034.91,-167.5,0,1
327.0788,56121.23,-176.2,0,1
327.174892,55836.32,-179.1,0,1
327.267828,55975.16,-178.35,0,1
327.379727,56582.0,-193.85,0,1
327.487192,57039.65,-199.25,0,1
327.57586,57398.12,-195.7,0,1
327.671278,57568.13,-194.7,0,1
327.768721,57700.81,-202.05,0,1
327.867586,57707.6,-207.05,0,1
327.977083,57619.41,-207.0,0,1
328.075103,57417.74,-203.15,0,1
328.172382,57393.85,-201.3,0,1
328.280654,57345.42,-199.75,0,1
328.372909,57388.93,-201.35,0,1
328.471255,57400.3,-198.75,0,1
328.5773,57311.25,-199.3,0,1
328.675328,57035.26,-203.55,0,1
328.771792,56634.78,-189.3,0,1
328.871331,56223.45,-175.45,0,1
328.969116,55887.41,-160.8,0,1
329.067964,55348.21,-149.6,0,1
329.178841,54663.41,-155.45,0,1
329.273913,54818.83,-159.45,0,1
329.372673,54668.81,-159.2,0,1
329.466612,54382.25,-151.65,0,1
329.579349,54169.14,-148.35,0,1
329.673856,53865.86,-143.1,0,1
329.778717,53631.36,-144.9,0,1
329.868525,52949.87,-147.95,0,1
329.966918,53106.79,-146.65,0,1
330.076695,53224.35,-148.3,0,1
330.167611,53300.2,-150.25,0,1
330.267192,53349.12,-150.5,0,1
330.373611,53437.05,-154.9,0,1
330.472789,53400.51,-152.7,0,1
330.566936,53431.57,-151.25,0,1
330.671348,53428.91,-151.4,0,1
330.772141,53419.45,-151.25,0,1
330.86835,53501.34,-150.9,0,1
330.966902,53544.82,-154.9,0,1
331.06757,53540.96,-156.65,0,1
331.166015,53423.92,-156.1,0,1
331.275328,53422.04,-153.15,0,1
331.372259,53496.17,-155.8,0,1
331.481831,53574.5,-156.85,0,1
331.56822,53678.18,-158.95,0,1
331.680043,53802.83,-160.0,0,1
331.769945,53908.77,-163.9,0,1
331.87377,53972.02,-162.6,0,1
331.975762,54125.41,-164.05,0,1
332.080463,54288.96,-169.1,0,1
332.166517,54308.05,-171.05,0,1
332.265824,54376.82,-170.25,0,1
332.37304,54692.79,-170.55,0,1
332.480338,55277.2,-177.45,0,1
332.566629,55940.53,-183.4,0,1
332.672707,56468.18,-166.0,0,1
332.776252,56771.7,-171.3,0,1
332.873625,57265.82,-191.05,0,1
332.984761,56584.02,-178.45,0,1
333.075163,53684.29,-147.95,0,1
333.173991,51344.52,-136.95,0,1
333.270819,49968.18,-126.85,0,1
333.368497,48945.43,-127.8,0,1
333.475505,48345.15,-122.55,0,1
333.574966,48004.27,-121.05,0,1
333.670855,49078.79,-121.85,0,1
333.76951,49274.27,-122.3,0,1
333.868914,49164.58,-117.3,0,1
333.974656,48886.76,-118.05,0,1
334.073679,48471.27,-123.0,0,1
334.184613,48360.98,-123.9,0,1
334.279123,48622.97,-124.65,0,1
334.373697,48687.53,-125.6,0,1
334.475464,48579.61,-122.8,0,1
334.570051,48457.62,-122.3,0,1
334.670417,48475.66,-124.2,0,1
334.767121,48555.04,-129.1,0,1
334.872949,48570.64,-129.45,0,1
334.968355,48772.91,-130.15,0,1
335.068364,48792.04,-130.4,0,1
335.169996,48807.64,-127.75,0,1
335.277355,48733.26,-127.05,0,1
335.369544,48666.79,-128.05,0,1
335.467064,48858.85,-131.5,0,1
335.57593,50540.21,-125.3,0,1
335.685041,52265.98,-135.8,0,1
335.772115,53628.32,-156.95,0,1
335.868486,54930.35,-177.0,0,1
335.97021,56306.5,-300.85,0,1
336.076874,57409.45,-749.3,0,1
336.175911,58727.42,-566.9,0,1
336.271732,59424.0,-265.55,0,1
336.370113,59553.75,-202.5,0,1
336.487196,59388.66,-315.2,0,1
336.569997,59215.43,-443.95,0,1
336.677764,59284.94,-541.3,0,1
336.778402,59193.22,-450.15,0,1
336.885672,58754.47,-593.55,0,1
336.973115,58982.02,-501.4,0,1
337.069054,58830.21,-565.0,0,1
337.170205,58432.16,-460.4,0,1
337.270092,58221.08,-418.5,0,1
337.369564,58228.5,-325.55,0,1
337.481419,58108.12,-408.0,0,1
337.576231,57696.8,-357.15,0,1
337.685845,57565.73,-391.5,0,1
337.779196,57848.99,-427.25,0,1
337.872487,58072.37,-424.5,0,1
337.981416,58228.09,-467.75,0,1
338.067689,58606.45,-474.6,0,1
338.17049,58688.56,-476.15,0,1
338.275117,58516.0,-501.85,0,1
338.377045,58125.72,-404.4,0,1
338.471851,57783.19,-362.65,0,1
338.57124,57324.64,-573.2,0,1
338.678722,56991.86,-1085.5,0,1
338.776932,56971.27,-341.05,0,1
338.870873,56611.3,-414.7,0,1
338.969051,56398.6,-417.4,0,1
339.076939,56670.98,-442.9,0,1
339.187526,56444.14,-542.7,0,1
339.272906,56620.97,-515.5,0,1
339.368615,56913.35,-509.15,0,1
339.47209,56957.65,-483.5,0,1
339.575315,57129.68,-465.25,0,1
339.670385,57431.32,-461.15,0,1
339.78054,57051.58,-440.6,0,1
339.874289,56753.36,-449.6,0,1
339.968159,56320.16,-450.25,0,1
340.079098,56187.52,-429.9,0,1
340.185934,56210.92,-435.1,0,1
340.282881,56338.8,-441.0,0,1
340.369724,56430.67,-432.15,0,1
340.467187,56591.37,-446.7,0,1
340.567306,56763.07,-441.7,0,1
340.675711,57099.9,-428.3,0,1
340.772336,57188.54,-410.75,0,1
340.873985,57298.38,-414.35,0,1
340.971558,57327.11,-407.5,0,1
341.086513,57435.68,-409.35,0,1
341.173475,57590.19,-416.4,0,1
341.273065,57799.7,-418.2,0,1
341.374396,58075.08,-423.0,0,1
341.477916,58308.63,-418.4,0,1
341.576451,58270.37,-428.25,0,1
341.669455,58197.07,-430.45,0,1
341.766616,58312.46,-432.95,0,1
341.875222,58599.13,-428.0,0,1
341.972441,58665.79,-426.35,0,1
342.071987,58487.23,-427.15,0,1
342.179259,58333.65,-427.45,0,1
342.273548,57543.26,-427.35,0,1
342.37077,57370.33,-428.4,0,1
342.474655,57218.1,-430.5,0,1
342.574419,57075.96,-430.2,0,1
342.676041,56865.63,-428.25,0,1
342.776534,56701.1,-426.2,0,1
342.86964,56568.87,-424.95,0,1
342.971302,56479.78,-424.75,0,1
343.069102,56376.35,-427.2,0,1
343.167357,56542.31,-426.1,0,1
343.277487,56561.14,-426.9,0,1
343.369712,56671.39,-429.45,0,1
343.46758,56896.95,-430.15,0,1
343.576553,57109.65,-432.4,0,1
343.67236,57248.0,-434.1,0,1
343.770689,57365.15,-432.1,0,1
343.868918,57398.5,-429.55,0,1
343.969124,57411.07,-433.2,0,1
344.06691,57331.28,-432.75,0,1
344.174795,57275.87,-430.5,0,1
344.272794,57212.85,-428.45,0,1
344.369997,57204.89,-431.65,0,1
344.479267,57267.02,-433.05,0,1
344.576984,57265.44,-433.4,0,1
344.67875,57222.64,-431.0,0,1
344.779548,57119.93,-433.45,0,1
344.886991,57127.96,-430.8,0,1
344.971706,57010.36,-431.45,0,1
345.067774,56841.51,-431.25,0,1
345.169154,56819.3,-431.55,0,1
345.277576,56764.57,-430.9,0,1
345.375518,56576.86,-426.3,0,1
345.475981,56342.78,-429.45,0,1
345.573181,56439.19,-429.9,0,1
345.681856,56936.16,-433.8,0,1
345.77216,56958.21,-435.55,0,1
345.868138,56827.18,-432.3,0,1
345.979045,56757.14,-432.45,0,1
346.072922,56668.13,-431.4,0,1
346.172474,56823.36,-436.25,0,1
346.269466,56852.77,-437.2,0,1
346.370186,56584.21,-438.55,0,1
346.466774,56643.45,-439.9,0,1
346.566131,56632.79,-439.5,0,1
346.673541,56521.08,-439.85,0,1
346.770581,56395.64,-442.2,0,1
346.881819,56437.46,-439.05,0,1
346.973947,56766.56,-437.7,0,1
347.071198,56712.84,-436.8,0,1
347.166608,56904.46,-441.4,0,1
347.274368,57071.73,-435.7,0,1
347.372853,57196.3,-439.6,0,1
347.472314,57160.29,-442.15,0,1
347.57005,57147.12,-438.3,0,1
347.671429,57244.06,-436.5,0,1
347.768432,57207.56,-444.35,0,1
347.873256,57363.5,-442.75,0,1
347.972949,57558.68,-440.65,0,1
348.083549,57635.09,-440.8,0,1
348.174971,57644.28,-444.2,0,1
348.271924,57626.05,-437.3,0,1
348.367347,57678.0,-447.4,0,1
348.476194,57769.05,-443.7,0,1
348.572882,57593.6,-437.55,0,1
348.666293,57492.58,-431.55,0,1
348.77076,57160.93,-430.85,0,1
348.868991,55773.64,-433.8,0,1
348.968209,54748.41,-431.7,0,1
349.076505,53848.11,-428.95,0,1
349.174463,53030.67,-424.2,0,1
349.266829,51818.79,-423.5,0,1
349.379584,50189.28,-427.65,0,1
349.477415,48988.42,-423.75,0,1
349.571877,47160.5,-425.0,0,1
349.674666,46842.92,-429.75,0,1
349.77055,46898.93,-433.35,0,1
349.869793,46901.59,-437.25,0,1
349.967423,46692.12,-443.1,0,1
350.065912,46546.31,-448.2,0,1
350.170452,46317.44,-450.35,0,1
350.272367,46163.49,-465.2,0,1
350.381351,45617.19,-465.95,0,1
350.474035,45434.77,-473.35,0,1
350.571123,46065.77,-476.5,0,1
350.666549,46473.38,-489.65,0,1
350.775748,45405.43,-496.45,0,1
350.876236,44849.23,-495.85,0,1
350.964768,44856.59,-502.75,0,1
351.065099,45499.44,-501.45,0,1
351.174261,46462.65,-501.15,0,1
351.273044,48276.28,-488.6,0,1
351.371051,49959.7,-501.2,0,1
351.481444,51855.85,-507.95,0,1
351.574121,52459.58,-500.45,0,1
351.670421,53545.68,-507.6,0,1
351.766962,54422.54,-497.3,0,1
351.865505,54701.04,-513.15,0,1
351.967589,54947.23,-844.5,0,1
352.075769,56147.0,-982.35,0,1
352.172462,55835.38,-576.75,0,1
352.277909,55714.48,-68.75,0,1
352.38012,55631.31,-202.1,0,1
352.47268,55507.15,-382.1,0,1
352.568172,55464.57,-643.9,0,1
352.672935,55159.03,-480.55,0,1
352.78036,55078.86,-503.1,0,1
352.869645,55101.75,-507.75,0,1
352.984882,55154.08,-342.45,0,1
353.081878,55118.18,-372.65,0,1
353.169804,55152.5,-393.95,0,1
353.265332,55234.77,-355.0,0,1
353.374112,55384.33,-362.8,0,1
353.475832,55343.63,-371.85,0,1
353.576105,55226.85,-459.1,0,1
